id_a,id_b,jaccard,longest_common_run,transposition_semitones
essen-folksong-collection-2d0ca75e87dc7a725556c8090e3681c1fa3a0452/europa/deutschl/allerkbd/deut3698.krn,essen-folksong-collection-2d0ca75e87dc7a725556c8090e3681c1fa3a0452/europa/deutschl/erk/deut0813.krn,1.0,76,0
essen-folksong-collection-2d0ca75e87dc7a725556c8090e3681c1fa3a0452/europa/deutschl/altdeu1/deut3921.krn,essen-folksong-collection-2d0ca75e87dc7a725556c8090e3681c1fa3a0452/europa/nederlan/neder034.krn,1.0,40,0
essen-folksong-collection-2d0ca75e87dc7a725556c8090e3681c1fa3a0452/europa/deutschl/erk/deut1973.krn,essen-folksong-collection-2d0ca75e87dc7a725556c8090e3681c1fa3a0452/europa/elsass/elsass64.krn,1.0,38,0
essen-folksong-collection-2d0ca75e87dc7a725556c8090e3681c1fa3a0452/europa/deutschl/allerkbd/deut3753.krn,essen-folksong-collection-2d0ca75e87dc7a725556c8090e3681c1fa3a0452/europa/deutschl/dva/deut4402.krn,1.0,57,0
essen-folksong-collection-2d0ca75e87dc7a725556c8090e3681c1fa3a0452/europa/deutschl/erk/deut1366.krn,essen-folksong-collection-2d0ca75e87dc7a725556c8090e3681c1fa3a0452/europa/elsass/elsass29.krn,1.0,39,0
essen-folksong-collection-2d0ca75e87dc7a725556c8090e3681c1fa3a0452/europa/deutschl/test/deut5154.krn,essen-folksong-collection-2d0ca75e87dc7a725556c8090e3681c1fa3a0452/europa/deutschl/test/deut5157.krn,1.0,50,0
essen-folksong-collection-2d0ca75e87dc7a725556c8090e3681c1fa3a0452/europa/deutschl/allerkbd/deut3672.krn,essen-folksong-collection-2d0ca75e87dc7a725556c8090e3681c1fa3a0452/europa/deutschl/erk/deut0787.krn,1.0,29,0
essen-folksong-collection-2d0ca75e87dc7a725556c8090e3681c1fa3a0452/europa/deutschl/allerkbd/deut3731.krn,essen-folksong-collection-2d0ca75e87dc7a725556c8090e3681c1fa3a0452/europa/deutschl/erk/deut1767.krn,1.0,57,0
essen-folksong-collection-2d0ca75e87dc7a725556c8090e3681c1fa3a0452/europa/lothring/lothr008.krn,essen-folksong-collection-2d0ca75e87dc7a725556c8090e3681c1fa3a0452/europa/lothring/lothr070.krn,1.0,33,0
essen-folksong-collection-2d0ca75e87dc7a725556c8090e3681c1fa3a0452/europa/deutschl/altdeu1/deut3795.krn,essen-folksong-collection-2d0ca75e87dc7a725556c8090e3681c1fa3a0452/europa/deutschl/zuccal/deut4529.krn,1.0,35,0
essen-folksong-collection-2d0ca75e87dc7a725556c8090e3681c1fa3a0452/europa/deutschl/erk/deut0702.krn,essen-folksong-collection-2d0ca75e87dc7a725556c8090e3681c1fa3a0452/europa/elsass/elsass03.krn,1.0,40,0
essen-folksong-collection-2d0ca75e87dc7a725556c8090e3681c1fa3a0452/europa/deutschl/erk/deut1696.krn,essen-folksong-collection-2d0ca75e87dc7a725556c8090e3681c1fa3a0452/europa/elsass/elsass47.krn,1.0,42,0
essen-folksong-collection-2d0ca75e87dc7a725556c8090e3681c1fa3a0452/europa/deutschl/ballad/deut3097.krn,essen-folksong-collection-2d0ca75e87dc7a725556c8090e3681c1fa3a0452/europa/deutschl/erk/deut2245.krn,1.0,21,5
essen-folksong-collection-2d0ca75e87dc7a725556c8090e3681c1fa3a0452/europa/deutschl/erk/deut1761.krn,essen-folksong-collection-2d0ca75e87dc7a725556c8090e3681c1fa3a0452/europa/elsass/elsass51.krn,1.0,38,0
essen-folksong-collection-2d0ca75e87dc7a725556c8090e3681c1fa3a0452/europa/deutschl/allerkbd/deut3740.krn,essen-folksong-collection-2d0ca75e87dc7a725556c8090e3681c1fa3a0452/europa/deutschl/erk/deut1955.krn,1.0,37,0
essen-folksong-collection-2d0ca75e87dc7a725556c8090e3681c1fa3a0452/europa/deutschl/allerkbd/deut3679.krn,essen-folksong-collection-2d0ca75e87dc7a725556c8090e3681c1fa3a0452/europa/deutschl/erk/deut0794.krn,1.0,52,0
essen-folksong-collection-2d0ca75e87dc7a725556c8090e3681c1fa3a0452/europa/deutschl/ballad/deut3040.krn,essen-folksong-collection-2d0ca75e87dc7a725556c8090e3681c1fa3a0452/europa/deutschl/erk/deut0673.krn,1.0,31,0
essen-folksong-collection-2d0ca75e87dc7a725556c8090e3681c1fa3a0452/europa/deutschl/allerkbd/deut3723.krn,essen-folksong-collection-2d0ca75e87dc7a725556c8090e3681c1fa3a0452/europa/deutschl/erk/deut1502.krn,1.0,55,0
essen-folksong-collection-2d0ca75e87dc7a725556c8090e3681c1fa3a0452/europa/deutschl/ballad/deut3378.krn,essen-folksong-collection-2d0ca75e87dc7a725556c8090e3681c1fa3a0452/europa/deutschl/erk/deut0668.krn,1.0,29,5
essen-folksong-collection-2d0ca75e87dc7a725556c8090e3681c1fa3a0452/europa/deutschl/altdeu2/deut4154.krn,essen-folksong-collection-2d0ca75e87dc7a725556c8090e3681c1fa3a0452/europa/deutschl/erk/deut1716.krn,1.0,64,0
essen-folksong-collection-2d0ca75e87dc7a725556c8090e3681c1fa3a0452/europa/lothring/lothr015.krn,essen-folksong-collection-2d0ca75e87dc7a725556c8090e3681c1fa3a0452/europa/lothring/lothr057.krn,1.0,29,0
essen-folksong-collection-2d0ca75e87dc7a725556c8090e3681c1fa3a0452/europa/deutschl/allerkbd/deut3704.krn,essen-folksong-collection-2d0ca75e87dc7a725556c8090e3681c1fa3a0452/europa/deutschl/erk/deut0823.krn,1.0,31,0
essen-folksong-collection-2d0ca75e87dc7a725556c8090e3681c1fa3a0452/europa/deutschl/erk/deut1893.krn,essen-folksong-collection-2d0ca75e87dc7a725556c8090e3681c1fa3a0452/europa/elsass/elsass62.krn,1.0,54,0
essen-folksong-collection-2d0ca75e87dc7a725556c8090e3681c1fa3a0452/europa/deutschl/altdeu2/deut4263.krn,essen-folksong-collection-2d0ca75e87dc7a725556c8090e3681c1fa3a0452/europa/deutschl/erk/deut2144.krn,1.0,30,2
essen-folksong-collection-2d0ca75e87dc7a725556c8090e3681c1fa3a0452/europa/deutschl/altdeu1/deut3780.krn,essen-folksong-collection-2d0ca75e87dc7a725556c8090e3681c1fa3a0452/europa/nederlan/neder040.krn,1.0,26,-2
essen-folksong-collection-2d0ca75e87dc7a725556c8090e3681c1fa3a0452/asia/china/han/han0312.krn,essen-folksong-collection-2d0ca75e87dc7a725556c8090e3681c1fa3a0452/asia/china/han/han0313.krn,1.0,169,0
essen-folksong-collection-2d0ca75e87dc7a725556c8090e3681c1fa3a0452/europa/deutschl/allerkbd/deut3705.krn,essen-folksong-collection-2d0ca75e87dc7a725556c8090e3681c1fa3a0452/europa/deutschl/erk/deut0824.krn,1.0,30,0
essen-folksong-collection-2d0ca75e87dc7a725556c8090e3681c1fa3a0452/europa/deutschl/ballad/deut3229.krn,essen-folksong-collection-2d0ca75e87dc7a725556c8090e3681c1fa3a0452/europa/elsass/elsass09.krn,1.0,32,0
essen-folksong-collection-2d0ca75e87dc7a725556c8090e3681c1fa3a0452/europa/deutschl/boehme/deut2504.krn,essen-folksong-collection-2d0ca75e87dc7a725556c8090e3681c1fa3a0452/europa/elsass/elsass80.krn,1.0,74,0
essen-folksong-collection-2d0ca75e87dc7a725556c8090e3681c1fa3a0452/asia/china/han/han0475.krn,essen-folksong-collection-2d0ca75e87dc7a725556c8090e3681c1fa3a0452/asia/china/xinhua/china07.krn,1.0,88,5
essen-folksong-collection-2d0ca75e87dc7a725556c8090e3681c1fa3a0452/europa/deutschl/altdeu1/deut3884.krn,essen-folksong-collection-2d0ca75e87dc7a725556c8090e3681c1fa3a0452/europa/deutschl/erk/deut1976.krn,1.0,54,0
essen-folksong-collection-2d0ca75e87dc7a725556c8090e3681c1fa3a0452/europa/deutschl/allerkbd/deut3766.krn,essen-folksong-collection-2d0ca75e87dc7a725556c8090e3681c1fa3a0452/europa/deutschl/dva/deut4466.krn,1.0,98,0
essen-folksong-collection-2d0ca75e87dc7a725556c8090e3681c1fa3a0452/europa/deutschl/allerkbd/deut3757.krn,essen-folksong-collection-2d0ca75e87dc7a725556c8090e3681c1fa3a0452/europa/deutschl/dva/deut4417.krn,1.0,130,0
essen-folksong-collection-2d0ca75e87dc7a725556c8090e3681c1fa3a0452/europa/deutschl/allerkbd/deut3736.krn,essen-folksong-collection-2d0ca75e87dc7a725556c8090e3681c1fa3a0452/europa/deutschl/erk/deut1836.krn,1.0,50,0
essen-folksong-collection-2d0ca75e87dc7a725556c8090e3681c1fa3a0452/europa/deutschl/erk/deut1286.krn,essen-folksong-collection-2d0ca75e87dc7a725556c8090e3681c1fa3a0452/europa/elsass/elsass27.krn,1.0,62,0
essen-folksong-collection-2d0ca75e87dc7a725556c8090e3681c1fa3a0452/europa/deutschl/allerkbd/deut3664.krn,essen-folksong-collection-2d0ca75e87dc7a725556c8090e3681c1fa3a0452/europa/deutschl/erk/deut0764.krn,1.0,68,0
essen-folksong-collection-2d0ca75e87dc7a725556c8090e3681c1fa3a0452/europa/deutschl/test/deut5146.krn,essen-folksong-collection-2d0ca75e87dc7a725556c8090e3681c1fa3a0452/europa/deutschl/test/deut5152.krn,1.0,29,0
essen-folksong-collection-2d0ca75e87dc7a725556c8090e3681c1fa3a0452/europa/deutschl/erk/deut0880.krn,essen-folksong-collection-2d0ca75e87dc7a725556c8090e3681c1fa3a0452/europa/elsass/elsass09.krn,1.0,32,0
essen-folksong-collection-2d0ca75e87dc7a725556c8090e3681c1fa3a0452/europa/deutschl/allerkbd/deut3729.krn,essen-folksong-collection-2d0ca75e87dc7a725556c8090e3681c1fa3a0452/europa/deutschl/erk/deut1674.krn,1.0,47,0
essen-folksong-collection-2d0ca75e87dc7a725556c8090e3681c1fa3a0452/europa/deutschl/allerkbd/deut3678.krn,essen-folksong-collection-2d0ca75e87dc7a725556c8090e3681c1fa3a0452/europa/deutschl/erk/deut0793.krn,1.0,32,0
essen-folksong-collection-2d0ca75e87dc7a725556c8090e3681c1fa3a0452/europa/deutschl/erk/deut0716.krn,essen-folksong-collection-2d0ca75e87dc7a725556c8090e3681c1fa3a0452/europa/elsass/elsass04.krn,1.0,25,0
essen-folksong-collection-2d0ca75e87dc7a725556c8090e3681c1fa3a0452/europa/deutschl/erk/deut0864.krn,essen-folksong-collection-2d0ca75e87dc7a725556c8090e3681c1fa3a0452/europa/deutschl/zuccal/deut4640.krn,1.0,27,0
essen-folksong-collection-2d0ca75e87dc7a725556c8090e3681c1fa3a0452/europa/deutschl/allerkbd/deut3747.krn,essen-folksong-collection-2d0ca75e87dc7a725556c8090e3681c1fa3a0452/europa/deutschl/boehme/deut2760.krn,1.0,63,0
essen-folksong-collection-2d0ca75e87dc7a725556c8090e3681c1fa3a0452/europa/deutschl/erk/deut0778.krn,essen-folksong-collection-2d0ca75e87dc7a725556c8090e3681c1fa3a0452/europa/elsass/elsass06.krn,1.0,32,0
essen-folksong-collection-2d0ca75e87dc7a725556c8090e3681c1fa3a0452/europa/deutschl/boehme/deut2663.krn,essen-folksong-collection-2d0ca75e87dc7a725556c8090e3681c1fa3a0452/europa/elsass/elsass86.krn,1.0,84,0
essen-folksong-collection-2d0ca75e87dc7a725556c8090e3681c1fa3a0452/europa/deutschl/erk/deut0717.krn,essen-folksong-collection-2d0ca75e87dc7a725556c8090e3681c1fa3a0452/europa/elsass/elsass05.krn,1.0,41,0
essen-folksong-collection-2d0ca75e87dc7a725556c8090e3681c1fa3a0452/europa/deutschl/erk/deut1202.krn,essen-folksong-collection-2d0ca75e87dc7a725556c8090e3681c1fa3a0452/europa/elsass/elsass19.krn,1.0,20,0
essen-folksong-collection-2d0ca75e87dc7a725556c8090e3681c1fa3a0452/europa/deutschl/allerkbd/deut3712.krn,essen-folksong-collection-2d0ca75e87dc7a725556c8090e3681c1fa3a0452/europa/deutschl/erk/deut0845.krn,1.0,28,0
essen-folksong-collection-2d0ca75e87dc7a725556c8090e3681c1fa3a0452/europa/deutschl/test/deut5146.krn,essen-folksong-collection-2d0ca75e87dc7a725556c8090e3681c1fa3a0452/europa/deutschl/test/deut5147.krn,1.0,29,0
essen-folksong-collection-2d0ca75e87dc7a725556c8090e3681c1fa3a0452/europa/deutschl/allerkbd/deut3686.krn,essen-folksong-collection-2d0ca75e87dc7a725556c8090e3681c1fa3a0452/europa/deutschl/erk/deut0801.krn,1.0,56,0
essen-folksong-collection-2d0ca75e87dc7a725556c8090e3681c1fa3a0452/asia/china/han/han0072.krn,essen-folksong-collection-2d0ca75e87dc7a725556c8090e3681c1fa3a0452/asia/china/shanxi/shanx443.krn,1.0,41,0
essen-folksong-collection-2d0ca75e87dc7a725556c8090e3681c1fa3a0452/asia/china/natmin/natmn087.krn,essen-folksong-collection-2d0ca75e87dc7a725556c8090e3681c1fa3a0452/asia/china/natmin/natmn173.krn,1.0,61,0
essen-folksong-collection-2d0ca75e87dc7a725556c8090e3681c1fa3a0452/europa/deutschl/allerkbd/deut3724.krn,essen-folksong-collection-2d0ca75e87dc7a725556c8090e3681c1fa3a0452/europa/deutschl/erk/deut1587.krn,1.0,31,0
essen-folksong-collection-2d0ca75e87dc7a725556c8090e3681c1fa3a0452/europa/deutschl/erk/deut0639.krn,essen-folksong-collection-2d0ca75e87dc7a725556c8090e3681c1fa3a0452/europa/deutschl/zuccal/deut4517.krn,1.0,46,0
essen-folksong-collection-2d0ca75e87dc7a725556c8090e3681c1fa3a0452/europa/deutschl/test/deut5149.krn,essen-folksong-collection-2d0ca75e87dc7a725556c8090e3681c1fa3a0452/europa/deutschl/test/deut5157.krn,1.0,50,0
essen-folksong-collection-2d0ca75e87dc7a725556c8090e3681c1fa3a0452/europa/deutschl/erk/deut1505.krn,essen-folksong-collection-2d0ca75e87dc7a725556c8090e3681c1fa3a0452/europa/deutschl/zuccal/deut5040.krn,1.0,46,0
essen-folksong-collection-2d0ca75e87dc7a725556c8090e3681c1fa3a0452/europa/deutschl/ballad/deut3613.krn,essen-folksong-collection-2d0ca75e87dc7a725556c8090e3681c1fa3a0452/europa/deutschl/zuccal/deut4564.krn,1.0,43,0
essen-folksong-collection-2d0ca75e87dc7a725556c8090e3681c1fa3a0452/europa/deutschl/allerkbd/deut3711.krn,essen-folksong-collection-2d0ca75e87dc7a725556c8090e3681c1fa3a0452/europa/deutschl/erk/deut0830.krn,1.0,54,0
essen-folksong-collection-2d0ca75e87dc7a725556c8090e3681c1fa3a0452/europa/deutschl/allerkbd/deut3745.krn,essen-folksong-collection-2d0ca75e87dc7a725556c8090e3681c1fa3a0452/europa/deutschl/boehme/deut2602.krn,1.0,50,0
essen-folksong-collection-2d0ca75e87dc7a725556c8090e3681c1fa3a0452/europa/deutschl/ballad/deut3040.krn,essen-folksong-collection-2d0ca75e87dc7a725556c8090e3681c1fa3a0452/europa/deutschl/ballad/deut3472.krn,1.0,31,-2
essen-folksong-collection-2d0ca75e87dc7a725556c8090e3681c1fa3a0452/europa/deutschl/erk/deut2089.krn,essen-folksong-collection-2d0ca75e87dc7a725556c8090e3681c1fa3a0452/europa/deutschl/kinder/kindr057.krn,1.0,29,0
essen-folksong-collection-2d0ca75e87dc7a725556c8090e3681c1fa3a0452/europa/deutschl/allerkbd/deut3693.krn,essen-folksong-collection-2d0ca75e87dc7a725556c8090e3681c1fa3a0452/europa/deutschl/erk/deut0808.krn,1.0,37,0
essen-folksong-collection-2d0ca75e87dc7a725556c8090e3681c1fa3a0452/europa/deutschl/allerkbd/deut3769.krn,essen-folksong-collection-2d0ca75e87dc7a725556c8090e3681c1fa3a0452/europa/deutschl/dva/deut4484.krn,1.0,99,0
essen-folksong-collection-2d0ca75e87dc7a725556c8090e3681c1fa3a0452/asia/china/han/han0828.krn,essen-folksong-collection-2d0ca75e87dc7a725556c8090e3681c1fa3a0452/asia/china/natmin/natmn081.krn,1.0,23,0
essen-folksong-collection-2d0ca75e87dc7a725556c8090e3681c1fa3a0452/europa/deutschl/erk/deut2090.krn,essen-folksong-collection-2d0ca75e87dc7a725556c8090e3681c1fa3a0452/europa/elsass/elsass76.krn,1.0,24,0
essen-folksong-collection-2d0ca75e87dc7a725556c8090e3681c1fa3a0452/europa/deutschl/erk/deut1999.krn,essen-folksong-collection-2d0ca75e87dc7a725556c8090e3681c1fa3a0452/europa/elsass/elsass65.krn,1.0,37,0
essen-folksong-collection-2d0ca75e87dc7a725556c8090e3681c1fa3a0452/asia/china/natmin/natmn086.krn,essen-folksong-collection-2d0ca75e87dc7a725556c8090e3681c1fa3a0452/asia/china/natmin/natmn176.krn,1.0,38,0
essen-folksong-collection-2d0ca75e87dc7a725556c8090e3681c1fa3a0452/europa/deutschl/altdeu1/deut3791.krn,essen-folksong-collection-2d0ca75e87dc7a725556c8090e3681c1fa3a0452/europa/deutschl/ballad/deut3016.krn,1.0,28,0
essen-folksong-collection-2d0ca75e87dc7a725556c8090e3681c1fa3a0452/europa/deutschl/erk/deut0865.krn,essen-folksong-collection-2d0ca75e87dc7a725556c8090e3681c1fa3a0452/europa/deutschl/zuccal/deut4589.krn,1.0,25,0
essen-folksong-collection-2d0ca75e87dc7a725556c8090e3681c1fa3a0452/europa/lothring/lothr026.krn,essen-folksong-collection-2d0ca75e87dc7a725556c8090e3681c1fa3a0452/europa/lothring/lothr056.krn,1.0,59,0
essen-folksong-collection-2d0ca75e87dc7a725556c8090e3681c1fa3a0452/europa/deutschl/altdeu2/deut4210.krn,essen-folksong-collection-2d0ca75e87dc7a725556c8090e3681c1fa3a0452/europa/deutschl/kinder/kindr035.krn,1.0,32,0
essen-folksong-collection-2d0ca75e87dc7a725556c8090e3681c1fa3a0452/europa/deutschl/erk/deut1209.krn,essen-folksong-collection-2d0ca75e87dc7a725556c8090e3681c1fa3a0452/europa/elsass/elsass21.krn,1.0,46,0
essen-folksong-collection-2d0ca75e87dc7a725556c8090e3681c1fa3a0452/asia/china/han/han0481.krn,essen-folksong-collection-2d0ca75e87dc7a725556c8090e3681c1fa3a0452/asia/china/xinhua/china08.krn,1.0,28,12
essen-folksong-collection-2d0ca75e87dc7a725556c8090e3681c1fa3a0452/europa/deutschl/allerkbd/deut3700.krn,essen-folksong-collection-2d0ca75e87dc7a725556c8090e3681c1fa3a0452/europa/deutschl/erk/deut0815.krn,1.0,31,0
essen-folksong-collection-2d0ca75e87dc7a725556c8090e3681c1fa3a0452/europa/deutschl/erk/deut2086.krn,essen-folksong-collection-2d0ca75e87dc7a725556c8090e3681c1fa3a0452/europa/elsass/elsass74.krn,1.0,25,0
essen-folksong-collection-2d0ca75e87dc7a725556c8090e3681c1fa3a0452/europa/deutschl/allerkbd/deut3732.krn,essen-folksong-collection-2d0ca75e87dc7a725556c8090e3681c1fa3a0452/europa/deutschl/erk/deut1787.krn,1.0,24,0
essen-folksong-collection-2d0ca75e87dc7a725556c8090e3681c1fa3a0452/asia/china/xinhua/china08.krn,essen-folksong-collection-2d0ca75e87dc7a725556c8090e3681c1fa3a0452/asia/china/xinhua/china10.krn,1.0,28,0
essen-folksong-collection-2d0ca75e87dc7a725556c8090e3681c1fa3a0452/europa/schweiz/suisse51.krn,essen-folksong-collection-2d0ca75e87dc7a725556c8090e3681c1fa3a0452/europa/schweiz/suisse55.krn,1.0,37,5
essen-folksong-collection-2d0ca75e87dc7a725556c8090e3681c1fa3a0452/europa/deutschl/test/deut5148.krn,essen-folksong-collection-2d0ca75e87dc7a725556c8090e3681c1fa3a0452/europa/deutschl/test/deut5156.krn,1.0,47,0
essen-folksong-collection-2d0ca75e87dc7a725556c8090e3681c1fa3a0452/europa/deutschl/allerkbd/deut3752.krn,essen-folksong-collection-2d0ca75e87dc7a725556c8090e3681c1fa3a0452/europa/deutschl/dva/deut4399.krn,1.0,63,0
essen-folksong-collection-2d0ca75e87dc7a725556c8090e3681c1fa3a0452/europa/deutschl/allerkbd/deut3728.krn,essen-folksong-collection-2d0ca75e87dc7a725556c8090e3681c1fa3a0452/europa/deutschl/erk/deut1673.krn,1.0,44,0
essen-folksong-collection-2d0ca75e87dc7a725556c8090e3681c1fa3a0452/europa/deutschl/altdeu1/deut3777.krn,essen-folksong-collection-2d0ca75e87dc7a725556c8090e3681c1fa3a0452/europa/deutschl/ballad/deut3000.krn,1.0,57,2
essen-folksong-collection-2d0ca75e87dc7a725556c8090e3681c1fa3a0452/europa/deutschl/boehme/deut2817.krn,essen-folksong-collection-2d0ca75e87dc7a725556c8090e3681c1fa3a0452/europa/deutschl/fink/deut138.krn,1.0,36,0
essen-folksong-collection-2d0ca75e87dc7a725556c8090e3681c1fa3a0452/europa/deutschl/allerkbd/deut3762.krn,essen-folksong-collection-2d0ca75e87dc7a725556c8090e3681c1fa3a0452/europa/deutschl/dva/deut4458.krn,1.0,65,0
essen-folksong-collection-2d0ca75e87dc7a725556c8090e3681c1fa3a0452/europa/deutschl/erk/deut1581.krn,essen-folksong-collection-2d0ca75e87dc7a725556c8090e3681c1fa3a0452/europa/elsass/elsass41.krn,1.0,43,0
essen-folksong-collection-2d0ca75e87dc7a725556c8090e3681c1fa3a0452/europa/deutschl/erk/deut0872.krn,essen-folksong-collection-2d0ca75e87dc7a725556c8090e3681c1fa3a0452/europa/elsass/elsass08.krn,1.0,22,0
essen-folksong-collection-2d0ca75e87dc7a725556c8090e3681c1fa3a0452/europa/deutschl/ballad/deut3413.krn,essen-folksong-collection-2d0ca75e87dc7a725556c8090e3681c1fa3a0452/europa/deutschl/erk/deut1361.krn,1.0,61,0
essen-folksong-collection-2d0ca75e87dc7a725556c8090e3681c1fa3a0452/europa/deutschl/ballad/deut3512.krn,essen-folksong-collection-2d0ca75e87dc7a725556c8090e3681c1fa3a0452/europa/deutschl/erk/deut0598.krn,1.0,41,-10
essen-folksong-collection-2d0ca75e87dc7a725556c8090e3681c1fa3a0452/europa/deutschl/boehme/deut2392.krn,essen-folksong-collection-2d0ca75e87dc7a725556c8090e3681c1fa3a0452/europa/deutschl/erk/deut0674.krn,1.0,34,-4
essen-folksong-collection-2d0ca75e87dc7a725556c8090e3681c1fa3a0452/asia/china/han/han0426.krn,essen-folksong-collection-2d0ca75e87dc7a725556c8090e3681c1fa3a0452/asia/china/han/han0807.krn,1.0,43,3
essen-folksong-collection-2d0ca75e87dc7a725556c8090e3681c1fa3a0452/asia/china/han/han0481.krn,essen-folksong-collection-2d0ca75e87dc7a725556c8090e3681c1fa3a0452/asia/china/xinhua/china03.krn,1.0,28,0
essen-folksong-collection-2d0ca75e87dc7a725556c8090e3681c1fa3a0452/europa/deutschl/boehme/deut2655.krn,essen-folksong-collection-2d0ca75e87dc7a725556c8090e3681c1fa3a0452/europa/elsass/elsass85.krn,1.0,73,0
essen-folksong-collection-2d0ca75e87dc7a725556c8090e3681c1fa3a0452/europa/deutschl/erk/deut2006.krn,essen-folksong-collection-2d0ca75e87dc7a725556c8090e3681c1fa3a0452/europa/elsass/elsass67.krn,1.0,26,0
essen-folksong-collection-2d0ca75e87dc7a725556c8090e3681c1fa3a0452/europa/deutschl/erk/deut1213.krn,essen-folksong-collection-2d0ca75e87dc7a725556c8090e3681c1fa3a0452/europa/elsass/elsass22.krn,1.0,42,0
essen-folksong-collection-2d0ca75e87dc7a725556c8090e3681c1fa3a0452/europa/deutschl/allerkbd/deut3716.krn,essen-folksong-collection-2d0ca75e87dc7a725556c8090e3681c1fa3a0452/europa/deutschl/erk/deut1285.krn,1.0,45,0
essen-folksong-collection-2d0ca75e87dc7a725556c8090e3681c1fa3a0452/europa/deutschl/allerkbd/deut3744.krn,essen-folksong-collection-2d0ca75e87dc7a725556c8090e3681c1fa3a0452/europa/deutschl/boehme/deut2321.krn,1.0,87,0
essen-folksong-collection-2d0ca75e87dc7a725556c8090e3681c1fa3a0452/europa/deutschl/fink/deut464.krn,essen-folksong-collection-2d0ca75e87dc7a725556c8090e3681c1fa3a0452/europa/schweiz/suisse85.krn,1.0,38,0
essen-folksong-collection-2d0ca75e87dc7a725556c8090e3681c1fa3a0452/europa/deutschl/erk/deut2115.krn,essen-folksong-collection-2d0ca75e87dc7a725556c8090e3681c1fa3a0452/europa/elsass/elsass77.krn,1.0,25,0
essen-folksong-collection-2d0ca75e87dc7a725556c8090e3681c1fa3a0452/europa/deutschl/allerkbd/deut3699.krn,essen-folksong-collection-2d0ca75e87dc7a725556c8090e3681c1fa3a0452/europa/deutschl/erk/deut0814.krn,1.0,78,0
essen-folksong-collection-2d0ca75e87dc7a725556c8090e3681c1fa3a0452/europa/deutschl/erk/deut0587.krn,essen-folksong-collection-2d0ca75e87dc7a725556c8090e3681c1fa3a0452/europa/elsass/elsass01.krn,1.0,28,0
essen-folksong-collection-2d0ca75e87dc7a725556c8090e3681c1fa3a0452/europa/deutschl/erk/deut1772.krn,essen-folksong-collection-2d0ca75e87dc7a725556c8090e3681c1fa3a0452/europa/deutschl/zuccal/deut4704.krn,1.0,57,2
essen-folksong-collection-2d0ca75e87dc7a725556c8090e3681c1fa3a0452/europa/deutschl/allerkbd/deut3722.krn,essen-folksong-collection-2d0ca75e87dc7a725556c8090e3681c1fa3a0452/europa/deutschl/erk/deut1462.krn,1.0,49,0
essen-folksong-collection-2d0ca75e87dc7a725556c8090e3681c1fa3a0452/asia/china/han/han0314.krn,essen-folksong-collection-2d0ca75e87dc7a725556c8090e3681c1fa3a0452/asia/china/han/han0315.krn,1.0,201,0
essen-folksong-collection-2d0ca75e87dc7a725556c8090e3681c1fa3a0452/europa/deutschl/erk/deut1724.krn,essen-folksong-collection-2d0ca75e87dc7a725556c8090e3681c1fa3a0452/europa/elsass/elsass48.krn,1.0,53,0
essen-folksong-collection-2d0ca75e87dc7a725556c8090e3681c1fa3a0452/europa/deutschl/ballad/deut3115.krn,essen-folksong-collection-2d0ca75e87dc7a725556c8090e3681c1fa3a0452/europa/deutschl/ballad/deut3231.krn,1.0,34,0
essen-folksong-collection-2d0ca75e87dc7a725556c8090e3681c1fa3a0452/europa/deutschl/erk/deut1877.krn,essen-folksong-collection-2d0ca75e87dc7a725556c8090e3681c1fa3a0452/europa/elsass/elsass61.krn,1.0,73,0
essen-folksong-collection-2d0ca75e87dc7a725556c8090e3681c1fa3a0452/europa/deutschl/allerkbd/deut3673.krn,essen-folksong-collection-2d0ca75e87dc7a725556c8090e3681c1fa3a0452/europa/deutschl/erk/deut0788.krn,1.0,46,0
essen-folksong-collection-2d0ca75e87dc7a725556c8090e3681c1fa3a0452/europa/deutschl/ballad/deut3455.krn,essen-folksong-collection-2d0ca75e87dc7a725556c8090e3681c1fa3a0452/europa/deutschl/zuccal/deut4624.krn,1.0,40,0
essen-folksong-collection-2d0ca75e87dc7a725556c8090e3681c1fa3a0452/europa/deutschl/ballad/deut3221.krn,essen-folksong-collection-2d0ca75e87dc7a725556c8090e3681c1fa3a0452/europa/lothring/lothr009.krn,1.0,44,0
essen-folksong-collection-2d0ca75e87dc7a725556c8090e3681c1fa3a0452/europa/deutschl/erk/deut1785.krn,essen-folksong-collection-2d0ca75e87dc7a725556c8090e3681c1fa3a0452/europa/elsass/elsass54.krn,1.0,83,0
essen-folksong-collection-2d0ca75e87dc7a725556c8090e3681c1fa3a0452/europa/deutschl/erk/deut1808.krn,essen-folksong-collection-2d0ca75e87dc7a725556c8090e3681c1fa3a0452/europa/elsass/elsass56.krn,1.0,50,0
essen-folksong-collection-2d0ca75e87dc7a725556c8090e3681c1fa3a0452/europa/jugoslav/jugos044.krn,essen-folksong-collection-2d0ca75e87dc7a725556c8090e3681c1fa3a0452/europa/jugoslav/jugos096.krn,1.0,19,0
essen-folksong-collection-2d0ca75e87dc7a725556c8090e3681c1fa3a0452/europa/deutschl/allerkbd/deut3674.krn,essen-folksong-collection-2d0ca75e87dc7a725556c8090e3681c1fa3a0452/europa/deutschl/erk/deut0789.krn,1.0,32,0
essen-folksong-collection-2d0ca75e87dc7a725556c8090e3681c1fa3a0452/europa/deutschl/altdeu1/deut3931.krn,essen-folksong-collection-2d0ca75e87dc7a725556c8090e3681c1fa3a0452/europa/deutschl/erk/deut0939.krn,1.0,39,0
essen-folksong-collection-2d0ca75e87dc7a725556c8090e3681c1fa3a0452/asia/china/natmin/natmn083.krn,essen-folksong-collection-2d0ca75e87dc7a725556c8090e3681c1fa3a0452/asia/china/natmin/natmn174.krn,1.0,99,0
essen-folksong-collection-2d0ca75e87dc7a725556c8090e3681c1fa3a0452/europa/deutschl/ballad/deut3121.krn,essen-folksong-collection-2d0ca75e87dc7a725556c8090e3681c1fa3a0452/europa/lothring/lothr016.krn,1.0,47,-2
essen-folksong-collection-2d0ca75e87dc7a725556c8090e3681c1fa3a0452/europa/deutschl/ballad/deut3365.krn,essen-folksong-collection-2d0ca75e87dc7a725556c8090e3681c1fa3a0452/europa/deutschl/zuccal/deut4824.krn,1.0,32,0
essen-folksong-collection-2d0ca75e87dc7a725556c8090e3681c1fa3a0452/europa/deutschl/erk/deut1562.krn,essen-folksong-collection-2d0ca75e87dc7a725556c8090e3681c1fa3a0452/europa/elsass/elsass36.krn,1.0,31,0
essen-folksong-collection-2d0ca75e87dc7a725556c8090e3681c1fa3a0452/europa/deutschl/allerkbd/deut3680.krn,essen-folksong-collection-2d0ca75e87dc7a725556c8090e3681c1fa3a0452/europa/deutschl/erk/deut0795.krn,1.0,42,0
essen-folksong-collection-2d0ca75e87dc7a725556c8090e3681c1fa3a0452/asia/china/han/han0011.krn,essen-folksong-collection-2d0ca75e87dc7a725556c8090e3681c1fa3a0452/asia/china/shanxi/shanx669.krn,1.0,44,0
essen-folksong-collection-2d0ca75e87dc7a725556c8090e3681c1fa3a0452/europa/deutschl/allerkbd/deut3663.krn,essen-folksong-collection-2d0ca75e87dc7a725556c8090e3681c1fa3a0452/europa/deutschl/erk/deut0751.krn,1.0,24,0
essen-folksong-collection-2d0ca75e87dc7a725556c8090e3681c1fa3a0452/europa/deutschl/altdeu1/deut3937.krn,essen-folksong-collection-2d0ca75e87dc7a725556c8090e3681c1fa3a0452/europa/deutschl/erk/deut1378.krn,1.0,27,0
essen-folksong-collection-2d0ca75e87dc7a725556c8090e3681c1fa3a0452/europa/deutschl/ballad/deut3520.krn,essen-folksong-collection-2d0ca75e87dc7a725556c8090e3681c1fa3a0452/europa/deutschl/erk/deut1849.krn,1.0,38,0
essen-folksong-collection-2d0ca75e87dc7a725556c8090e3681c1fa3a0452/europa/deutschl/allerkbd/deut3681.krn,essen-folksong-collection-2d0ca75e87dc7a725556c8090e3681c1fa3a0452/europa/deutschl/erk/deut0796.krn,1.0,36,0
essen-folksong-collection-2d0ca75e87dc7a725556c8090e3681c1fa3a0452/europa/deutschl/allerkbd/deut3665.krn,essen-folksong-collection-2d0ca75e87dc7a725556c8090e3681c1fa3a0452/europa/deutschl/erk/deut0779.krn,1.0,39,0
essen-folksong-collection-2d0ca75e87dc7a725556c8090e3681c1fa3a0452/europa/deutschl/erk/deut1410.krn,essen-folksong-collection-2d0ca75e87dc7a725556c8090e3681c1fa3a0452/europa/elsass/elsass32.krn,1.0,71,0
essen-folksong-collection-2d0ca75e87dc7a725556c8090e3681c1fa3a0452/europa/deutschl/allerkbd/deut3768.krn,essen-folksong-collection-2d0ca75e87dc7a725556c8090e3681c1fa3a0452/europa/deutschl/dva/deut4481.krn,1.0,110,0
essen-folksong-collection-2d0ca75e87dc7a725556c8090e3681c1fa3a0452/europa/deutschl/ballad/deut3367.krn,essen-folksong-collection-2d0ca75e87dc7a725556c8090e3681c1fa3a0452/europa/lothring/lothr067.krn,1.0,27,0
essen-folksong-collection-2d0ca75e87dc7a725556c8090e3681c1fa3a0452/europa/deutschl/allerkbd/deut3713.krn,essen-folksong-collection-2d0ca75e87dc7a725556c8090e3681c1fa3a0452/europa/deutschl/erk/deut0846.krn,1.0,28,0
essen-folksong-collection-2d0ca75e87dc7a725556c8090e3681c1fa3a0452/europa/deutschl/allerkbd/deut3666.krn,essen-folksong-collection-2d0ca75e87dc7a725556c8090e3681c1fa3a0452/europa/deutschl/erk/deut0780.krn,1.0,32,0
essen-folksong-collection-2d0ca75e87dc7a725556c8090e3681c1fa3a0452/europa/deutschl/allerkbd/deut3706.krn,essen-folksong-collection-2d0ca75e87dc7a725556c8090e3681c1fa3a0452/europa/deutschl/erk/deut0825.krn,1.0,39,0
essen-folksong-collection-2d0ca75e87dc7a725556c8090e3681c1fa3a0452/asia/china/han/han0333.krn,essen-folksong-collection-2d0ca75e87dc7a725556c8090e3681c1fa3a0452/asia/china/han/han0468.krn,1.0,131,0
essen-folksong-collection-2d0ca75e87dc7a725556c8090e3681c1fa3a0452/europa/deutschl/erk/deut1074.krn,essen-folksong-collection-2d0ca75e87dc7a725556c8090e3681c1fa3a0452/europa/deutschl/zuccal/deut4774.krn,1.0,54,0
essen-folksong-collection-2d0ca75e87dc7a725556c8090e3681c1fa3a0452/europa/deutschl/ballad/deut3383.krn,essen-folksong-collection-2d0ca75e87dc7a725556c8090e3681c1fa3a0452/europa/deutschl/erk/deut0653.krn,1.0,26,3
essen-folksong-collection-2d0ca75e87dc7a725556c8090e3681c1fa3a0452/europa/deutschl/erk/deut1747.krn,essen-folksong-collection-2d0ca75e87dc7a725556c8090e3681c1fa3a0452/europa/elsass/elsass49.krn,1.0,63,0
essen-folksong-collection-2d0ca75e87dc7a725556c8090e3681c1fa3a0452/asia/china/han/han0453.krn,essen-folksong-collection-2d0ca75e87dc7a725556c8090e3681c1fa3a0452/asia/china/xinhua/china06.krn,1.0,172,0
essen-folksong-collection-2d0ca75e87dc7a725556c8090e3681c1fa3a0452/europa/deutschl/ballad/deut3575.krn,essen-folksong-collection-2d0ca75e87dc7a725556c8090e3681c1fa3a0452/europa/deutschl/ballad/deut3597.krn,1.0,80,0
essen-folksong-collection-2d0ca75e87dc7a725556c8090e3681c1fa3a0452/europa/deutschl/allerkbd/deut3707.krn,essen-folksong-collection-2d0ca75e87dc7a725556c8090e3681c1fa3a0452/europa/deutschl/erk/deut0826.krn,1.0,46,0
essen-folksong-collection-2d0ca75e87dc7a725556c8090e3681c1fa3a0452/europa/deutschl/erk/deut2266.krn,essen-folksong-collection-2d0ca75e87dc7a725556c8090e3681c1fa3a0452/europa/misc/vlaandr1.krn,1.0,54,0
essen-folksong-collection-2d0ca75e87dc7a725556c8090e3681c1fa3a0452/europa/deutschl/allerkbd/deut3758.krn,essen-folksong-collection-2d0ca75e87dc7a725556c8090e3681c1fa3a0452/europa/deutschl/dva/deut4418.krn,1.0,42,0
essen-folksong-collection-2d0ca75e87dc7a725556c8090e3681c1fa3a0452/asia/china/xinhua/china03.krn,essen-folksong-collection-2d0ca75e87dc7a725556c8090e3681c1fa3a0452/asia/china/xinhua/china10.krn,1.0,28,12
essen-folksong-collection-2d0ca75e87dc7a725556c8090e3681c1fa3a0452/europa/deutschl/allerkbd/deut3764.krn,essen-folksong-collection-2d0ca75e87dc7a725556c8090e3681c1fa3a0452/europa/deutschl/dva/deut4461.krn,1.0,167,0
essen-folksong-collection-2d0ca75e87dc7a725556c8090e3681c1fa3a0452/europa/deutschl/allerkbd/deut3688.krn,essen-folksong-collection-2d0ca75e87dc7a725556c8090e3681c1fa3a0452/europa/deutschl/erk/deut0803.krn,1.0,48,0
essen-folksong-collection-2d0ca75e87dc7a725556c8090e3681c1fa3a0452/europa/deutschl/erk/deut1494.krn,essen-folksong-collection-2d0ca75e87dc7a725556c8090e3681c1fa3a0452/europa/deutschl/zuccal/deut4615.krn,1.0,34,7
essen-folksong-collection-2d0ca75e87dc7a725556c8090e3681c1fa3a0452/europa/deutschl/allerkbd/deut3767.krn,essen-folksong-collection-2d0ca75e87dc7a725556c8090e3681c1fa3a0452/europa/deutschl/dva/deut4475.krn,1.0,90,0
essen-folksong-collection-2d0ca75e87dc7a725556c8090e3681c1fa3a0452/europa/deutschl/ballad/deut3271.krn,essen-folksong-collection-2d0ca75e87dc7a725556c8090e3681c1fa3a0452/europa/deutschl/ballad/deut3298.krn,1.0,27,-3
essen-folksong-collection-2d0ca75e87dc7a725556c8090e3681c1fa3a0452/europa/deutschl/erk/deut1390.krn,essen-folksong-collection-2d0ca75e87dc7a725556c8090e3681c1fa3a0452/europa/elsass/elsass31.krn,1.0,62,0
essen-folksong-collection-2d0ca75e87dc7a725556c8090e3681c1fa3a0452/europa/deutschl/erk/deut0680.krn,essen-folksong-collection-2d0ca75e87dc7a725556c8090e3681c1fa3a0452/europa/elsass/elsass02.krn,1.0,43,0
essen-folksong-collection-2d0ca75e87dc7a725556c8090e3681c1fa3a0452/europa/deutschl/erk/deut1482.krn,essen-folksong-collection-2d0ca75e87dc7a725556c8090e3681c1fa3a0452/europa/elsass/elsass34.krn,1.0,50,0
essen-folksong-collection-2d0ca75e87dc7a725556c8090e3681c1fa3a0452/europa/deutschl/erk/deut0881.krn,essen-folksong-collection-2d0ca75e87dc7a725556c8090e3681c1fa3a0452/europa/elsass/elsass10.krn,1.0,30,0
essen-folksong-collection-2d0ca75e87dc7a725556c8090e3681c1fa3a0452/asia/china/han/han0064.krn,essen-folksong-collection-2d0ca75e87dc7a725556c8090e3681c1fa3a0452/asia/china/shanxi/shanx028.krn,1.0,32,5
essen-folksong-collection-2d0ca75e87dc7a725556c8090e3681c1fa3a0452/europa/deutschl/erk/deut1629.krn,essen-folksong-collection-2d0ca75e87dc7a725556c8090e3681c1fa3a0452/europa/elsass/elsass43.krn,1.0,48,0
essen-folksong-collection-2d0ca75e87dc7a725556c8090e3681c1fa3a0452/europa/deutschl/ballad/deut3588.krn,essen-folksong-collection-2d0ca75e87dc7a725556c8090e3681c1fa3a0452/europa/deutschl/erk/deut0699.krn,1.0,39,2
essen-folksong-collection-2d0ca75e87dc7a725556c8090e3681c1fa3a0452/europa/deutschl/dva/deut4472.krn,essen-folksong-collection-2d0ca75e87dc7a725556c8090e3681c1fa3a0452/europa/deutschl/erk/deut2262.krn,1.0,37,0
essen-folksong-collection-2d0ca75e87dc7a725556c8090e3681c1fa3a0452/europa/luxembrg/luxemb01.krn,essen-folksong-collection-2d0ca75e87dc7a725556c8090e3681c1fa3a0452/europa/luxembrg/luxemb03.krn,1.0,39,0
essen-folksong-collection-2d0ca75e87dc7a725556c8090e3681c1fa3a0452/europa/deutschl/altdeu2/deut4166.krn,essen-folksong-collection-2d0ca75e87dc7a725556c8090e3681c1fa3a0452/europa/deutschl/erk/deut1838.krn,1.0,22,-10
essen-folksong-collection-2d0ca75e87dc7a725556c8090e3681c1fa3a0452/europa/deutschl/altdeu1/deut3806.krn,essen-folksong-collection-2d0ca75e87dc7a725556c8090e3681c1fa3a0452/europa/deutschl/ballad/deut3613.krn,1.0,43,2
essen-folksong-collection-2d0ca75e87dc7a725556c8090e3681c1fa3a0452/europa/deutschl/altdeu1/deut3990.krn,essen-folksong-collection-2d0ca75e87dc7a725556c8090e3681c1fa3a0452/europa/deutschl/erk/deut1612.krn,1.0,34,0
essen-folksong-collection-2d0ca75e87dc7a725556c8090e3681c1fa3a0452/europa/deutschl/boehme/deut2821.krn,essen-folksong-collection-2d0ca75e87dc7a725556c8090e3681c1fa3a0452/europa/elsass/elsass88.krn,1.0,77,0
essen-folksong-collection-2d0ca75e87dc7a725556c8090e3681c1fa3a0452/europa/oesterrh/oestr061.krn,essen-folksong-collection-2d0ca75e87dc7a725556c8090e3681c1fa3a0452/europa/oesterrh/oestr098.krn,1.0,134,0
essen-folksong-collection-2d0ca75e87dc7a725556c8090e3681c1fa3a0452/europa/deutschl/allerkbd/deut3770.krn,essen-folksong-collection-2d0ca75e87dc7a725556c8090e3681c1fa3a0452/europa/deutschl/dva/deut4490.krn,1.0,52,0
essen-folksong-collection-2d0ca75e87dc7a725556c8090e3681c1fa3a0452/europa/deutschl/boehme/deut2272.krn,essen-folksong-collection-2d0ca75e87dc7a725556c8090e3681c1fa3a0452/europa/deutschl/boehme/deut2273.krn,1.0,92,0
essen-folksong-collection-2d0ca75e87dc7a725556c8090e3681c1fa3a0452/europa/deutschl/erk/deut1766.krn,essen-folksong-collection-2d0ca75e87dc7a725556c8090e3681c1fa3a0452/europa/elsass/elsass53.krn,1.0,33,0
essen-folksong-collection-2d0ca75e87dc7a725556c8090e3681c1fa3a0452/europa/deutschl/erk/deut1660.krn,essen-folksong-collection-2d0ca75e87dc7a725556c8090e3681c1fa3a0452/europa/elsass/elsass44.krn,1.0,65,0
essen-folksong-collection-2d0ca75e87dc7a725556c8090e3681c1fa3a0452/europa/deutschl/allerkbd/deut3687.krn,essen-folksong-collection-2d0ca75e87dc7a725556c8090e3681c1fa3a0452/europa/deutschl/erk/deut0802.krn,1.0,54,0
essen-folksong-collection-2d0ca75e87dc7a725556c8090e3681c1fa3a0452/europa/jugoslav/jugos058.krn,essen-folksong-collection-2d0ca75e87dc7a725556c8090e3681c1fa3a0452/europa/jugoslav/jugos101.krn,1.0,20,-2
essen-folksong-collection-2d0ca75e87dc7a725556c8090e3681c1fa3a0452/europa/deutschl/erk/deut1580.krn,essen-folksong-collection-2d0ca75e87dc7a725556c8090e3681c1fa3a0452/europa/elsass/elsass42.krn,1.0,64,0
essen-folksong-collection-2d0ca75e87dc7a725556c8090e3681c1fa3a0452/europa/deutschl/erk/deut1204.krn,essen-folksong-collection-2d0ca75e87dc7a725556c8090e3681c1fa3a0452/europa/elsass/elsass20.krn,1.0,28,0
essen-folksong-collection-2d0ca75e87dc7a725556c8090e3681c1fa3a0452/europa/deutschl/allerkbd/deut3734.krn,essen-folksong-collection-2d0ca75e87dc7a725556c8090e3681c1fa3a0452/europa/deutschl/erk/deut1807.krn,1.0,28,0
essen-folksong-collection-2d0ca75e87dc7a725556c8090e3681c1fa3a0452/europa/deutschl/allerkbd/deut3763.krn,essen-folksong-collection-2d0ca75e87dc7a725556c8090e3681c1fa3a0452/europa/deutschl/dva/deut4459.krn,1.0,73,0
essen-folksong-collection-2d0ca75e87dc7a725556c8090e3681c1fa3a0452/europa/deutschl/altdeu1/deut3975.krn,essen-folksong-collection-2d0ca75e87dc7a725556c8090e3681c1fa3a0452/europa/deutschl/erk/deut1354.krn,1.0,40,0
essen-folksong-collection-2d0ca75e87dc7a725556c8090e3681c1fa3a0452/europa/deutschl/altdeu1/deut3806.krn,essen-folksong-collection-2d0ca75e87dc7a725556c8090e3681c1fa3a0452/europa/deutschl/zuccal/deut4564.krn,1.0,43,2
essen-folksong-collection-2d0ca75e87dc7a725556c8090e3681c1fa3a0452/europa/deutschl/ballad/deut3504.krn,essen-folksong-collection-2d0ca75e87dc7a725556c8090e3681c1fa3a0452/europa/deutschl/zuccal/deut4833.krn,1.0,33,0
essen-folksong-collection-2d0ca75e87dc7a725556c8090e3681c1fa3a0452/europa/deutschl/allerkbd/deut3730.krn,essen-folksong-collection-2d0ca75e87dc7a725556c8090e3681c1fa3a0452/europa/deutschl/erk/deut1675.krn,1.0,39,0
essen-folksong-collection-2d0ca75e87dc7a725556c8090e3681c1fa3a0452/europa/deutschl/dva/deut4455.krn,essen-folksong-collection-2d0ca75e87dc7a725556c8090e3681c1fa3a0452/europa/romania/romani23.krn,1.0,28,0
essen-folksong-collection-2d0ca75e87dc7a725556c8090e3681c1fa3a0452/europa/deutschl/allerkbd/deut3741.krn,essen-folksong-collection-2d0ca75e87dc7a725556c8090e3681c1fa3a0452/europa/deutschl/erk/deut2215.krn,1.0,33,0
essen-folksong-collection-2d0ca75e87dc7a725556c8090e3681c1fa3a0452/asia/china/han/han0075.krn,essen-folksong-collection-2d0ca75e87dc7a725556c8090e3681c1fa3a0452/asia/china/shanxi/shanx001.krn,1.0,19,-7
essen-folksong-collection-2d0ca75e87dc7a725556c8090e3681c1fa3a0452/europa/deutschl/erk/deut2135.krn,essen-folksong-collection-2d0ca75e87dc7a725556c8090e3681c1fa3a0452/europa/oesterrh/oestr085.krn,1.0,47,0
essen-folksong-collection-2d0ca75e87dc7a725556c8090e3681c1fa3a0452/europa/deutschl/allerkbd/deut3760.krn,essen-folksong-collection-2d0ca75e87dc7a725556c8090e3681c1fa3a0452/europa/deutschl/dva/deut4435.krn,1.0,63,0
essen-folksong-collection-2d0ca75e87dc7a725556c8090e3681c1fa3a0452/europa/czech/czech25.krn,essen-folksong-collection-2d0ca75e87dc7a725556c8090e3681c1fa3a0452/europa/magyar/magyar11.krn,1.0,20,5
essen-folksong-collection-2d0ca75e87dc7a725556c8090e3681c1fa3a0452/europa/deutschl/allerkbd/deut3694.krn,essen-folksong-collection-2d0ca75e87dc7a725556c8090e3681c1fa3a0452/europa/deutschl/erk/deut0809.krn,1.0,45,0
essen-folksong-collection-2d0ca75e87dc7a725556c8090e3681c1fa3a0452/europa/deutschl/erk/deut1231.krn,essen-folksong-collection-2d0ca75e87dc7a725556c8090e3681c1fa3a0452/europa/elsass/elsass24.krn,1.0,49,0
essen-folksong-collection-2d0ca75e87dc7a725556c8090e3681c1fa3a0452/europa/deutschl/erk/deut1265.krn,essen-folksong-collection-2d0ca75e87dc7a725556c8090e3681c1fa3a0452/europa/elsass/elsass26.krn,1.0,30,0
essen-folksong-collection-2d0ca75e87dc7a725556c8090e3681c1fa3a0452/europa/deutschl/dva/deut4477.krn,essen-folksong-collection-2d0ca75e87dc7a725556c8090e3681c1fa3a0452/europa/deutschl/erk/deut2228.krn,1.0,45,0
essen-folksong-collection-2d0ca75e87dc7a725556c8090e3681c1fa3a0452/europa/deutschl/allerkbd/deut3695.krn,essen-folksong-collection-2d0ca75e87dc7a725556c8090e3681c1fa3a0452/europa/deutschl/erk/deut0810.krn,1.0,43,0
essen-folksong-collection-2d0ca75e87dc7a725556c8090e3681c1fa3a0452/asia/china/natmin/natmn179.krn,essen-folksong-collection-2d0ca75e87dc7a725556c8090e3681c1fa3a0452/asia/china/natmin/natmn198.krn,1.0,88,0
essen-folksong-collection-2d0ca75e87dc7a725556c8090e3681c1fa3a0452/asia/china/han/han0453.krn,essen-folksong-collection-2d0ca75e87dc7a725556c8090e3681c1fa3a0452/asia/china/xinhua/china09.krn,1.0,172,0
essen-folksong-collection-2d0ca75e87dc7a725556c8090e3681c1fa3a0452/europa/deutschl/erk/deut1446.krn,essen-folksong-collection-2d0ca75e87dc7a725556c8090e3681c1fa3a0452/europa/elsass/elsass33.krn,1.0,61,0
essen-folksong-collection-2d0ca75e87dc7a725556c8090e3681c1fa3a0452/europa/deutschl/ballad/deut3502.krn,essen-folksong-collection-2d0ca75e87dc7a725556c8090e3681c1fa3a0452/europa/deutschl/zuccal/deut4885.krn,1.0,31,0
essen-folksong-collection-2d0ca75e87dc7a725556c8090e3681c1fa3a0452/europa/deutschl/allerkbd/deut3669.krn,essen-folksong-collection-2d0ca75e87dc7a725556c8090e3681c1fa3a0452/europa/deutschl/erk/deut0784.krn,1.0,28,0
essen-folksong-collection-2d0ca75e87dc7a725556c8090e3681c1fa3a0452/europa/deutschl/erk/deut0957.krn,essen-folksong-collection-2d0ca75e87dc7a725556c8090e3681c1fa3a0452/europa/elsass/elsass12.krn,1.0,59,0
essen-folksong-collection-2d0ca75e87dc7a725556c8090e3681c1fa3a0452/europa/deutschl/allerkbd/deut3701.krn,essen-folksong-collection-2d0ca75e87dc7a725556c8090e3681c1fa3a0452/europa/deutschl/erk/deut0816.krn,1.0,36,0
essen-folksong-collection-2d0ca75e87dc7a725556c8090e3681c1fa3a0452/europa/deutschl/erk/deut1508.krn,essen-folksong-collection-2d0ca75e87dc7a725556c8090e3681c1fa3a0452/europa/elsass/elsass35.krn,1.0,52,0
essen-folksong-collection-2d0ca75e87dc7a725556c8090e3681c1fa3a0452/europa/deutschl/erk/deut1753.krn,essen-folksong-collection-2d0ca75e87dc7a725556c8090e3681c1fa3a0452/europa/elsass/elsass50.krn,1.0,31,0
essen-folksong-collection-2d0ca75e87dc7a725556c8090e3681c1fa3a0452/europa/deutschl/erk/deut1243.krn,essen-folksong-collection-2d0ca75e87dc7a725556c8090e3681c1fa3a0452/europa/misc/steier03.krn,1.0,32,4
essen-folksong-collection-2d0ca75e87dc7a725556c8090e3681c1fa3a0452/europa/deutschl/allerkbd/deut3737.krn,essen-folksong-collection-2d0ca75e87dc7a725556c8090e3681c1fa3a0452/europa/deutschl/erk/deut1840.krn,1.0,29,0
essen-folksong-collection-2d0ca75e87dc7a725556c8090e3681c1fa3a0452/europa/deutschl/ballad/deut3210.krn,essen-folksong-collection-2d0ca75e87dc7a725556c8090e3681c1fa3a0452/europa/lothring/lothr027.krn,1.0,43,-2
essen-folksong-collection-2d0ca75e87dc7a725556c8090e3681c1fa3a0452/europa/deutschl/allerkbd/deut3702.krn,essen-folksong-collection-2d0ca75e87dc7a725556c8090e3681c1fa3a0452/europa/deutschl/erk/deut0817.krn,1.0,36,0
essen-folksong-collection-2d0ca75e87dc7a725556c8090e3681c1fa3a0452/europa/deutschl/boehme/deut2835.krn,essen-folksong-collection-2d0ca75e87dc7a725556c8090e3681c1fa3a0452/europa/elsass/elsass89.krn,1.0,28,0
essen-folksong-collection-2d0ca75e87dc7a725556c8090e3681c1fa3a0452/europa/deutschl/allerkbd/deut3675.krn,essen-folksong-collection-2d0ca75e87dc7a725556c8090e3681c1fa3a0452/europa/deutschl/erk/deut0790.krn,1.0,36,0
essen-folksong-collection-2d0ca75e87dc7a725556c8090e3681c1fa3a0452/europa/deutschl/ballad/deut3326.krn,essen-folksong-collection-2d0ca75e87dc7a725556c8090e3681c1fa3a0452/europa/deutschl/ballad/deut3483.krn,1.0,31,0
essen-folksong-collection-2d0ca75e87dc7a725556c8090e3681c1fa3a0452/europa/deutschl/erk/deut1131.krn,essen-folksong-collection-2d0ca75e87dc7a725556c8090e3681c1fa3a0452/europa/elsass/elsass17.krn,1.0,56,0
essen-folksong-collection-2d0ca75e87dc7a725556c8090e3681c1fa3a0452/europa/deutschl/allerkbd/deut3739.krn,essen-folksong-collection-2d0ca75e87dc7a725556c8090e3681c1fa3a0452/europa/deutschl/erk/deut1894.krn,1.0,37,0
essen-folksong-collection-2d0ca75e87dc7a725556c8090e3681c1fa3a0452/asia/china/natmin/natmn085.krn,essen-folksong-collection-2d0ca75e87dc7a725556c8090e3681c1fa3a0452/asia/china/natmin/natmn177.krn,1.0,27,0
essen-folksong-collection-2d0ca75e87dc7a725556c8090e3681c1fa3a0452/europa/deutschl/test/deut5147.krn,essen-folksong-collection-2d0ca75e87dc7a725556c8090e3681c1fa3a0452/europa/deutschl/test/deut5152.krn,1.0,29,0
essen-folksong-collection-2d0ca75e87dc7a725556c8090e3681c1fa3a0452/asia/china/han/han0071.krn,essen-folksong-collection-2d0ca75e87dc7a725556c8090e3681c1fa3a0452/asia/china/shanxi/shanx659.krn,1.0,19,-2
essen-folksong-collection-2d0ca75e87dc7a725556c8090e3681c1fa3a0452/europa/deutschl/allerkbd/deut3676.krn,essen-folksong-collection-2d0ca75e87dc7a725556c8090e3681c1fa3a0452/europa/deutschl/erk/deut0791.krn,1.0,42,0
essen-folksong-collection-2d0ca75e87dc7a725556c8090e3681c1fa3a0452/europa/deutschl/ballad/deut3398.krn,essen-folksong-collection-2d0ca75e87dc7a725556c8090e3681c1fa3a0452/europa/deutschl/erk/deut1417.krn,1.0,42,0
essen-folksong-collection-2d0ca75e87dc7a725556c8090e3681c1fa3a0452/europa/deutschl/erk/deut1863.krn,essen-folksong-collection-2d0ca75e87dc7a725556c8090e3681c1fa3a0452/europa/elsass/elsass60.krn,1.0,55,0
essen-folksong-collection-2d0ca75e87dc7a725556c8090e3681c1fa3a0452/europa/deutschl/allerkbd/deut3721.krn,essen-folksong-collection-2d0ca75e87dc7a725556c8090e3681c1fa3a0452/europa/deutschl/erk/deut1427.krn,1.0,37,0
essen-folksong-collection-2d0ca75e87dc7a725556c8090e3681c1fa3a0452/europa/deutschl/allerkbd/deut3717.krn,essen-folksong-collection-2d0ca75e87dc7a725556c8090e3681c1fa3a0452/europa/deutschl/erk/deut1313.krn,1.0,24,0
essen-folksong-collection-2d0ca75e87dc7a725556c8090e3681c1fa3a0452/europa/deutschl/test/deut5150.krn,essen-folksong-collection-2d0ca75e87dc7a725556c8090e3681c1fa3a0452/europa/deutschl/zuccal/deut4509.krn,1.0,62,-2
essen-folksong-collection-2d0ca75e87dc7a725556c8090e3681c1fa3a0452/asia/china/shanxi/shanx389.krn,essen-folksong-collection-2d0ca75e87dc7a725556c8090e3681c1fa3a0452/asia/china/shanxi/shanx422.krn,1.0,32,-10
essen-folksong-collection-2d0ca75e87dc7a725556c8090e3681c1fa3a0452/asia/china/xinhua/china06.krn,essen-folksong-collection-2d0ca75e87dc7a725556c8090e3681c1fa3a0452/asia/china/xinhua/china09.krn,1.0,172,0
essen-folksong-collection-2d0ca75e87dc7a725556c8090e3681c1fa3a0452/europa/deutschl/altdeu1/deut3903.krn,essen-folksong-collection-2d0ca75e87dc7a725556c8090e3681c1fa3a0452/europa/deutschl/erk/deut1476.krn,1.0,35,0
essen-folksong-collection-2d0ca75e87dc7a725556c8090e3681c1fa3a0452/europa/deutschl/erk/deut0726.krn,essen-folksong-collection-2d0ca75e87dc7a725556c8090e3681c1fa3a0452/europa/deutschl/zuccal/deut4579.krn,1.0,37,-5
essen-folksong-collection-2d0ca75e87dc7a725556c8090e3681c1fa3a0452/asia/china/shanxi/shanx044.krn,essen-folksong-collection-2d0ca75e87dc7a725556c8090e3681c1fa3a0452/asia/china/shanxi/shanx424.krn,1.0,20,-10
essen-folksong-collection-2d0ca75e87dc7a725556c8090e3681c1fa3a0452/europa/deutschl/test/deut5146.krn,essen-folksong-collection-2d0ca75e87dc7a725556c8090e3681c1fa3a0452/europa/deutschl/test/deut5155.krn,1.0,29,0
essen-folksong-collection-2d0ca75e87dc7a725556c8090e3681c1fa3a0452/europa/deutschl/erk/deut0994.krn,essen-folksong-collection-2d0ca75e87dc7a725556c8090e3681c1fa3a0452/europa/elsass/elsass16.krn,1.0,34,0
essen-folksong-collection-2d0ca75e87dc7a725556c8090e3681c1fa3a0452/europa/deutschl/allerkbd/deut3719.krn,essen-folksong-collection-2d0ca75e87dc7a725556c8090e3681c1fa3a0452/europa/deutschl/erk/deut1386.krn,1.0,47,0
essen-folksong-collection-2d0ca75e87dc7a725556c8090e3681c1fa3a0452/europa/deutschl/allerkbd/deut3683.krn,essen-folksong-collection-2d0ca75e87dc7a725556c8090e3681c1fa3a0452/europa/deutschl/erk/deut0798.krn,1.0,41,0
essen-folksong-collection-2d0ca75e87dc7a725556c8090e3681c1fa3a0452/europa/deutschl/ballad/deut3096.krn,essen-folksong-collection-2d0ca75e87dc7a725556c8090e3681c1fa3a0452/europa/deutschl/zuccal/deut4597.krn,1.0,46,2
essen-folksong-collection-2d0ca75e87dc7a725556c8090e3681c1fa3a0452/europa/deutschl/ballad/deut3046.krn,essen-folksong-collection-2d0ca75e87dc7a725556c8090e3681c1fa3a0452/europa/deutschl/erk/deut0677.krn,1.0,37,0
essen-folksong-collection-2d0ca75e87dc7a725556c8090e3681c1fa3a0452/europa/deutschl/altdeu1/deut3960.krn,essen-folksong-collection-2d0ca75e87dc7a725556c8090e3681c1fa3a0452/europa/deutschl/erk/deut1439.krn,1.0,26,-7
essen-folksong-collection-2d0ca75e87dc7a725556c8090e3681c1fa3a0452/europa/deutschl/ballad/deut3238.krn,essen-folksong-collection-2d0ca75e87dc7a725556c8090e3681c1fa3a0452/europa/deutschl/erk/deut0884.krn,1.0,21,12
essen-folksong-collection-2d0ca75e87dc7a725556c8090e3681c1fa3a0452/europa/deutschl/erk/deut1579.krn,essen-folksong-collection-2d0ca75e87dc7a725556c8090e3681c1fa3a0452/europa/elsass/elsass40.krn,1.0,20,0
essen-folksong-collection-2d0ca75e87dc7a725556c8090e3681c1fa3a0452/europa/deutschl/allerkbd/deut3668.krn,essen-folksong-collection-2d0ca75e87dc7a725556c8090e3681c1fa3a0452/europa/deutschl/erk/deut0782.krn,1.0,42,0
essen-folksong-collection-2d0ca75e87dc7a725556c8090e3681c1fa3a0452/europa/deutschl/allerkbd/deut3708.krn,essen-folksong-collection-2d0ca75e87dc7a725556c8090e3681c1fa3a0452/europa/deutschl/erk/deut0827.krn,1.0,104,0
essen-folksong-collection-2d0ca75e87dc7a725556c8090e3681c1fa3a0452/europa/misc/steier05.krn,essen-folksong-collection-2d0ca75e87dc7a725556c8090e3681c1fa3a0452/europa/oesterrh/oestr047.krn,1.0,33,-2
essen-folksong-collection-2d0ca75e87dc7a725556c8090e3681c1fa3a0452/asia/china/han/han0328.krn,essen-folksong-collection-2d0ca75e87dc7a725556c8090e3681c1fa3a0452/asia/china/han/han0476.krn,1.0,30,0
essen-folksong-collection-2d0ca75e87dc7a725556c8090e3681c1fa3a0452/europa/deutschl/altdeu1/deut3953.krn,essen-folksong-collection-2d0ca75e87dc7a725556c8090e3681c1fa3a0452/europa/deutschl/erk/deut1054.krn,1.0,49,17
essen-folksong-collection-2d0ca75e87dc7a725556c8090e3681c1fa3a0452/asia/china/natmin/natmn084.krn,essen-folksong-collection-2d0ca75e87dc7a725556c8090e3681c1fa3a0452/asia/china/natmin/natmn175.krn,1.0,81,0
essen-folksong-collection-2d0ca75e87dc7a725556c8090e3681c1fa3a0452/europa/deutschl/erk/deut0972.krn,essen-folksong-collection-2d0ca75e87dc7a725556c8090e3681c1fa3a0452/europa/elsass/elsass14.krn,1.0,25,0
essen-folksong-collection-2d0ca75e87dc7a725556c8090e3681c1fa3a0452/europa/deutschl/allerkbd/deut3743.krn,essen-folksong-collection-2d0ca75e87dc7a725556c8090e3681c1fa3a0452/europa/deutschl/boehme/deut2285.krn,1.0,46,0
essen-folksong-collection-2d0ca75e87dc7a725556c8090e3681c1fa3a0452/europa/deutschl/ballad/deut3472.krn,essen-folksong-collection-2d0ca75e87dc7a725556c8090e3681c1fa3a0452/europa/deutschl/erk/deut0673.krn,1.0,31,2
essen-folksong-collection-2d0ca75e87dc7a725556c8090e3681c1fa3a0452/europa/deutschl/ballad/deut3074.krn,essen-folksong-collection-2d0ca75e87dc7a725556c8090e3681c1fa3a0452/europa/deutschl/zuccal/deut4573.krn,1.0,39,0
essen-folksong-collection-2d0ca75e87dc7a725556c8090e3681c1fa3a0452/europa/deutschl/boehme/deut2767.krn,essen-folksong-collection-2d0ca75e87dc7a725556c8090e3681c1fa3a0452/europa/deutschl/fink/deut330.krn,1.0,101,-14
essen-folksong-collection-2d0ca75e87dc7a725556c8090e3681c1fa3a0452/europa/deutschl/ballad/deut3225.krn,essen-folksong-collection-2d0ca75e87dc7a725556c8090e3681c1fa3a0452/europa/deutschl/ballad/deut3274.krn,1.0,31,0
essen-folksong-collection-2d0ca75e87dc7a725556c8090e3681c1fa3a0452/europa/deutschl/allerkbd/deut3682.krn,essen-folksong-collection-2d0ca75e87dc7a725556c8090e3681c1fa3a0452/europa/deutschl/erk/deut0797.krn,1.0,35,0
essen-folksong-collection-2d0ca75e87dc7a725556c8090e3681c1fa3a0452/europa/deutschl/boehme/deut2850.krn,essen-folksong-collection-2d0ca75e87dc7a725556c8090e3681c1fa3a0452/europa/elsass/elsass90.krn,1.0,30,0
essen-folksong-collection-2d0ca75e87dc7a725556c8090e3681c1fa3a0452/europa/deutschl/erk/deut2003.krn,essen-folksong-collection-2d0ca75e87dc7a725556c8090e3681c1fa3a0452/europa/elsass/elsass66.krn,1.0,52,0
essen-folksong-collection-2d0ca75e87dc7a725556c8090e3681c1fa3a0452/europa/deutschl/allerkbd/deut3748.krn,essen-folksong-collection-2d0ca75e87dc7a725556c8090e3681c1fa3a0452/europa/deutschl/boehme/deut2857.krn,1.0,52,0
essen-folksong-collection-2d0ca75e87dc7a725556c8090e3681c1fa3a0452/europa/deutschl/erk/deut1578.krn,essen-folksong-collection-2d0ca75e87dc7a725556c8090e3681c1fa3a0452/europa/elsass/elsass39.krn,1.0,34,0
essen-folksong-collection-2d0ca75e87dc7a725556c8090e3681c1fa3a0452/europa/deutschl/allerkbd/deut3725.krn,essen-folksong-collection-2d0ca75e87dc7a725556c8090e3681c1fa3a0452/europa/deutschl/erk/deut1670.krn,1.0,39,0
essen-folksong-collection-2d0ca75e87dc7a725556c8090e3681c1fa3a0452/europa/deutschl/boehme/deut2815.krn,essen-folksong-collection-2d0ca75e87dc7a725556c8090e3681c1fa3a0452/europa/deutschl/zuccal/deut4717.krn,1.0,47,0
essen-folksong-collection-2d0ca75e87dc7a725556c8090e3681c1fa3a0452/europa/deutschl/allerkbd/deut3726.krn,essen-folksong-collection-2d0ca75e87dc7a725556c8090e3681c1fa3a0452/europa/deutschl/erk/deut1671.krn,1.0,45,0
essen-folksong-collection-2d0ca75e87dc7a725556c8090e3681c1fa3a0452/europa/deutschl/allerkbd/deut3689.krn,essen-folksong-collection-2d0ca75e87dc7a725556c8090e3681c1fa3a0452/europa/deutschl/erk/deut0804.krn,1.0,52,0
essen-folksong-collection-2d0ca75e87dc7a725556c8090e3681c1fa3a0452/europa/deutschl/allerkbd/deut3733.krn,essen-folksong-collection-2d0ca75e87dc7a725556c8090e3681c1fa3a0452/europa/deutschl/erk/deut1795.krn,1.0,52,0
essen-folksong-collection-2d0ca75e87dc7a725556c8090e3681c1fa3a0452/europa/deutschl/allerkbd/deut3756.krn,essen-folksong-collection-2d0ca75e87dc7a725556c8090e3681c1fa3a0452/europa/deutschl/dva/deut4413.krn,1.0,57,0
essen-folksong-collection-2d0ca75e87dc7a725556c8090e3681c1fa3a0452/europa/deutschl/ballad/deut3601.krn,essen-folksong-collection-2d0ca75e87dc7a725556c8090e3681c1fa3a0452/europa/deutschl/erk/deut1838.krn,1.0,22,-3
essen-folksong-collection-2d0ca75e87dc7a725556c8090e3681c1fa3a0452/europa/deutschl/allerkbd/deut3690.krn,essen-folksong-collection-2d0ca75e87dc7a725556c8090e3681c1fa3a0452/europa/deutschl/erk/deut0805.krn,1.0,36,0
essen-folksong-collection-2d0ca75e87dc7a725556c8090e3681c1fa3a0452/europa/deutschl/erk/deut1763.krn,essen-folksong-collection-2d0ca75e87dc7a725556c8090e3681c1fa3a0452/europa/elsass/elsass52.krn,1.0,71,0
essen-folksong-collection-2d0ca75e87dc7a725556c8090e3681c1fa3a0452/europa/deutschl/erk/deut1680.krn,essen-folksong-collection-2d0ca75e87dc7a725556c8090e3681c1fa3a0452/europa/elsass/elsass45.krn,1.0,19,0
essen-folksong-collection-2d0ca75e87dc7a725556c8090e3681c1fa3a0452/europa/deutschl/ballad/deut3030.krn,essen-folksong-collection-2d0ca75e87dc7a725556c8090e3681c1fa3a0452/europa/deutschl/erk/deut0682.krn,1.0,39,0
essen-folksong-collection-2d0ca75e87dc7a725556c8090e3681c1fa3a0452/europa/deutschl/allerkbd/deut3696.krn,essen-folksong-collection-2d0ca75e87dc7a725556c8090e3681c1fa3a0452/europa/deutschl/erk/deut0811.krn,1.0,47,0
essen-folksong-collection-2d0ca75e87dc7a725556c8090e3681c1fa3a0452/europa/deutschl/allerkbd/deut3755.krn,essen-folksong-collection-2d0ca75e87dc7a725556c8090e3681c1fa3a0452/europa/deutschl/dva/deut4407.krn,1.0,88,0
essen-folksong-collection-2d0ca75e87dc7a725556c8090e3681c1fa3a0452/europa/deutschl/allerkbd/deut3697.krn,essen-folksong-collection-2d0ca75e87dc7a725556c8090e3681c1fa3a0452/europa/deutschl/erk/deut0812.krn,1.0,80,0
essen-folksong-collection-2d0ca75e87dc7a725556c8090e3681c1fa3a0452/europa/deutschl/allerkbd/deut3703.krn,essen-folksong-collection-2d0ca75e87dc7a725556c8090e3681c1fa3a0452/europa/deutschl/erk/deut0819.krn,1.0,40,0
essen-folksong-collection-2d0ca75e87dc7a725556c8090e3681c1fa3a0452/europa/deutschl/erk/deut1813.krn,essen-folksong-collection-2d0ca75e87dc7a725556c8090e3681c1fa3a0452/europa/elsass/elsass57.krn,1.0,51,0
essen-folksong-collection-2d0ca75e87dc7a725556c8090e3681c1fa3a0452/europa/deutschl/test/deut5153.krn,essen-folksong-collection-2d0ca75e87dc7a725556c8090e3681c1fa3a0452/europa/deutschl/test/deut5156.krn,1.0,47,0
essen-folksong-collection-2d0ca75e87dc7a725556c8090e3681c1fa3a0452/europa/deutschl/allerkbd/deut3671.krn,essen-folksong-collection-2d0ca75e87dc7a725556c8090e3681c1fa3a0452/europa/deutschl/erk/deut0786.krn,1.0,42,0
essen-folksong-collection-2d0ca75e87dc7a725556c8090e3681c1fa3a0452/europa/deutschl/allerkbd/deut3759.krn,essen-folksong-collection-2d0ca75e87dc7a725556c8090e3681c1fa3a0452/europa/deutschl/dva/deut4427.krn,1.0,72,0
essen-folksong-collection-2d0ca75e87dc7a725556c8090e3681c1fa3a0452/europa/deutschl/ballad/deut3098.krn,essen-folksong-collection-2d0ca75e87dc7a725556c8090e3681c1fa3a0452/europa/deutschl/erk/deut0579.krn,1.0,35,0
essen-folksong-collection-2d0ca75e87dc7a725556c8090e3681c1fa3a0452/europa/deutschl/boehme/deut2614.krn,essen-folksong-collection-2d0ca75e87dc7a725556c8090e3681c1fa3a0452/europa/elsass/elsass83.krn,1.0,67,0
essen-folksong-collection-2d0ca75e87dc7a725556c8090e3681c1fa3a0452/europa/deutschl/allerkbd/deut3714.krn,essen-folksong-collection-2d0ca75e87dc7a725556c8090e3681c1fa3a0452/europa/deutschl/erk/deut0851.krn,1.0,63,0
essen-folksong-collection-2d0ca75e87dc7a725556c8090e3681c1fa3a0452/europa/deutschl/erk/deut0932.krn,essen-folksong-collection-2d0ca75e87dc7a725556c8090e3681c1fa3a0452/europa/elsass/elsass11.krn,1.0,30,0
essen-folksong-collection-2d0ca75e87dc7a725556c8090e3681c1fa3a0452/europa/deutschl/allerkbd/deut3772.krn,essen-folksong-collection-2d0ca75e87dc7a725556c8090e3681c1fa3a0452/europa/deutschl/dva/deut4500.krn,1.0,35,0
essen-folksong-collection-2d0ca75e87dc7a725556c8090e3681c1fa3a0452/europa/deutschl/ballad/deut3090.krn,essen-folksong-collection-2d0ca75e87dc7a725556c8090e3681c1fa3a0452/europa/deutschl/erk/deut0611.krn,1.0,41,0
essen-folksong-collection-2d0ca75e87dc7a725556c8090e3681c1fa3a0452/europa/deutschl/test/deut5149.krn,essen-folksong-collection-2d0ca75e87dc7a725556c8090e3681c1fa3a0452/europa/deutschl/test/deut5154.krn,1.0,50,0
essen-folksong-collection-2d0ca75e87dc7a725556c8090e3681c1fa3a0452/europa/deutschl/erk/deut2066.krn,essen-folksong-collection-2d0ca75e87dc7a725556c8090e3681c1fa3a0452/europa/elsass/elsass71.krn,1.0,25,0
essen-folksong-collection-2d0ca75e87dc7a725556c8090e3681c1fa3a0452/europa/deutschl/erk/deut1232.krn,essen-folksong-collection-2d0ca75e87dc7a725556c8090e3681c1fa3a0452/europa/elsass/elsass25.krn,1.0,73,0
essen-folksong-collection-2d0ca75e87dc7a725556c8090e3681c1fa3a0452/asia/china/han/han0481.krn,essen-folksong-collection-2d0ca75e87dc7a725556c8090e3681c1fa3a0452/asia/china/xinhua/china10.krn,1.0,28,12
essen-folksong-collection-2d0ca75e87dc7a725556c8090e3681c1fa3a0452/europa/deutschl/boehme/deut2731.krn,essen-folksong-collection-2d0ca75e87dc7a725556c8090e3681c1fa3a0452/europa/elsass/elsass87.krn,1.0,75,0
essen-folksong-collection-2d0ca75e87dc7a725556c8090e3681c1fa3a0452/europa/deutschl/altdeu2/deut4166.krn,essen-folksong-collection-2d0ca75e87dc7a725556c8090e3681c1fa3a0452/europa/deutschl/ballad/deut3601.krn,1.0,22,-7
essen-folksong-collection-2d0ca75e87dc7a725556c8090e3681c1fa3a0452/asia/china/han/han0115.krn,essen-folksong-collection-2d0ca75e87dc7a725556c8090e3681c1fa3a0452/asia/china/han/han0433.krn,1.0,104,0
essen-folksong-collection-2d0ca75e87dc7a725556c8090e3681c1fa3a0452/europa/deutschl/ballad/deut3389.krn,essen-folksong-collection-2d0ca75e87dc7a725556c8090e3681c1fa3a0452/europa/deutschl/erk/deut0902.krn,1.0,34,4
essen-folksong-collection-2d0ca75e87dc7a725556c8090e3681c1fa3a0452/europa/deutschl/allerkbd/deut3670.krn,essen-folksong-collection-2d0ca75e87dc7a725556c8090e3681c1fa3a0452/europa/deutschl/erk/deut0785.krn,1.0,28,0
essen-folksong-collection-2d0ca75e87dc7a725556c8090e3681c1fa3a0452/europa/deutschl/allerkbd/deut3765.krn,essen-folksong-collection-2d0ca75e87dc7a725556c8090e3681c1fa3a0452/europa/deutschl/dva/deut4465.krn,1.0,79,0
essen-folksong-collection-2d0ca75e87dc7a725556c8090e3681c1fa3a0452/europa/deutschl/ballad/deut3055.krn,essen-folksong-collection-2d0ca75e87dc7a725556c8090e3681c1fa3a0452/europa/deutschl/zuccal/deut4539.krn,1.0,24,12
essen-folksong-collection-2d0ca75e87dc7a725556c8090e3681c1fa3a0452/europa/oesterrh/oestr007.krn,essen-folksong-collection-2d0ca75e87dc7a725556c8090e3681c1fa3a0452/europa/oesterrh/oestr064.krn,1.0,36,0
essen-folksong-collection-2d0ca75e87dc7a725556c8090e3681c1fa3a0452/europa/deutschl/allerkbd/deut3735.krn,essen-folksong-collection-2d0ca75e87dc7a725556c8090e3681c1fa3a0452/europa/deutschl/erk/deut1835.krn,1.0,49,0
essen-folksong-collection-2d0ca75e87dc7a725556c8090e3681c1fa3a0452/asia/china/han/han1098.krn,essen-folksong-collection-2d0ca75e87dc7a725556c8090e3681c1fa3a0452/asia/china/shanxi/shanx383.krn,1.0,42,0
essen-folksong-collection-2d0ca75e87dc7a725556c8090e3681c1fa3a0452/europa/deutschl/erk/deut2070.krn,essen-folksong-collection-2d0ca75e87dc7a725556c8090e3681c1fa3a0452/europa/elsass/elsass72.krn,1.0,41,0
essen-folksong-collection-2d0ca75e87dc7a725556c8090e3681c1fa3a0452/america/mexico/mexico02.krn,essen-folksong-collection-2d0ca75e87dc7a725556c8090e3681c1fa3a0452/america/mexico/mexico04.krn,1.0,69,0
essen-folksong-collection-2d0ca75e87dc7a725556c8090e3681c1fa3a0452/europa/deutschl/test/deut5148.krn,essen-folksong-collection-2d0ca75e87dc7a725556c8090e3681c1fa3a0452/europa/deutschl/test/deut5153.krn,1.0,47,0
essen-folksong-collection-2d0ca75e87dc7a725556c8090e3681c1fa3a0452/asia/china/han/han0962.krn,essen-folksong-collection-2d0ca75e87dc7a725556c8090e3681c1fa3a0452/asia/china/shanxi/shanx397.krn,1.0,43,2
essen-folksong-collection-2d0ca75e87dc7a725556c8090e3681c1fa3a0452/europa/deutschl/erk/deut1569.krn,essen-folksong-collection-2d0ca75e87dc7a725556c8090e3681c1fa3a0452/europa/elsass/elsass37.krn,1.0,38,0
essen-folksong-collection-2d0ca75e87dc7a725556c8090e3681c1fa3a0452/europa/deutschl/ballad/deut3241.krn,essen-folksong-collection-2d0ca75e87dc7a725556c8090e3681c1fa3a0452/europa/deutschl/erk/deut2055.krn,1.0,32,0
essen-folksong-collection-2d0ca75e87dc7a725556c8090e3681c1fa3a0452/europa/deutschl/allerkbd/deut3677.krn,essen-folksong-collection-2d0ca75e87dc7a725556c8090e3681c1fa3a0452/europa/deutschl/erk/deut0792.krn,1.0,46,0
essen-folksong-collection-2d0ca75e87dc7a725556c8090e3681c1fa3a0452/europa/deutschl/allerkbd/deut3738.krn,essen-folksong-collection-2d0ca75e87dc7a725556c8090e3681c1fa3a0452/europa/deutschl/erk/deut1854.krn,1.0,74,0
essen-folksong-collection-2d0ca75e87dc7a725556c8090e3681c1fa3a0452/europa/deutschl/erk/deut1570.krn,essen-folksong-collection-2d0ca75e87dc7a725556c8090e3681c1fa3a0452/europa/elsass/elsass38.krn,1.0,57,0
essen-folksong-collection-2d0ca75e87dc7a725556c8090e3681c1fa3a0452/europa/deutschl/altdeu2/deut4220.krn,essen-folksong-collection-2d0ca75e87dc7a725556c8090e3681c1fa3a0452/europa/deutschl/erk/deut1988.krn,1.0,23,0
essen-folksong-collection-2d0ca75e87dc7a725556c8090e3681c1fa3a0452/europa/deutschl/erk/deut1793.krn,essen-folksong-collection-2d0ca75e87dc7a725556c8090e3681c1fa3a0452/europa/elsass/elsass55.krn,1.0,46,0
essen-folksong-collection-2d0ca75e87dc7a725556c8090e3681c1fa3a0452/europa/deutschl/erk/deut1376.krn,essen-folksong-collection-2d0ca75e87dc7a725556c8090e3681c1fa3a0452/europa/deutschl/zuccal/deut4724.krn,1.0,27,0
essen-folksong-collection-2d0ca75e87dc7a725556c8090e3681c1fa3a0452/europa/deutschl/allerkbd/deut3718.krn,essen-folksong-collection-2d0ca75e87dc7a725556c8090e3681c1fa3a0452/europa/deutschl/erk/deut1332.krn,1.0,30,0
essen-folksong-collection-2d0ca75e87dc7a725556c8090e3681c1fa3a0452/europa/deutschl/test/deut5152.krn,essen-folksong-collection-2d0ca75e87dc7a725556c8090e3681c1fa3a0452/europa/deutschl/test/deut5155.krn,1.0,29,0
essen-folksong-collection-2d0ca75e87dc7a725556c8090e3681c1fa3a0452/europa/deutschl/erk/deut0958.krn,essen-folksong-collection-2d0ca75e87dc7a725556c8090e3681c1fa3a0452/europa/elsass/elsass13.krn,1.0,63,0
essen-folksong-collection-2d0ca75e87dc7a725556c8090e3681c1fa3a0452/europa/deutschl/ballad/deut3366.krn,essen-folksong-collection-2d0ca75e87dc7a725556c8090e3681c1fa3a0452/europa/deutschl/ballad/deut3471.krn,1.0,27,2
essen-folksong-collection-2d0ca75e87dc7a725556c8090e3681c1fa3a0452/europa/deutschl/erk/deut1201.krn,essen-folksong-collection-2d0ca75e87dc7a725556c8090e3681c1fa3a0452/europa/elsass/elsass18.krn,1.0,69,0
essen-folksong-collection-2d0ca75e87dc7a725556c8090e3681c1fa3a0452/europa/deutschl/allerkbd/deut3684.krn,essen-folksong-collection-2d0ca75e87dc7a725556c8090e3681c1fa3a0452/europa/deutschl/erk/deut0799.krn,1.0,40,0
essen-folksong-collection-2d0ca75e87dc7a725556c8090e3681c1fa3a0452/europa/deutschl/allerkbd/deut3746.krn,essen-folksong-collection-2d0ca75e87dc7a725556c8090e3681c1fa3a0452/europa/deutschl/boehme/deut2642.krn,1.0,110,0
essen-folksong-collection-2d0ca75e87dc7a725556c8090e3681c1fa3a0452/europa/deutschl/boehme/deut2594.krn,essen-folksong-collection-2d0ca75e87dc7a725556c8090e3681c1fa3a0452/europa/elsass/elsass81.krn,1.0,38,0
essen-folksong-collection-2d0ca75e87dc7a725556c8090e3681c1fa3a0452/europa/deutschl/allerkbd/deut3720.krn,essen-folksong-collection-2d0ca75e87dc7a725556c8090e3681c1fa3a0452/europa/deutschl/erk/deut1405.krn,1.0,46,0
essen-folksong-collection-2d0ca75e87dc7a725556c8090e3681c1fa3a0452/america/mexico/mexico01.krn,essen-folksong-collection-2d0ca75e87dc7a725556c8090e3681c1fa3a0452/america/mexico/mexico03.krn,1.0,64,0
essen-folksong-collection-2d0ca75e87dc7a725556c8090e3681c1fa3a0452/europa/deutschl/allerkbd/deut3685.krn,essen-folksong-collection-2d0ca75e87dc7a725556c8090e3681c1fa3a0452/europa/deutschl/erk/deut0800.krn,1.0,69,0
essen-folksong-collection-2d0ca75e87dc7a725556c8090e3681c1fa3a0452/europa/deutschl/boehme/deut2480.krn,essen-folksong-collection-2d0ca75e87dc7a725556c8090e3681c1fa3a0452/europa/oesterrh/oestr091.krn,1.0,71,0
essen-folksong-collection-2d0ca75e87dc7a725556c8090e3681c1fa3a0452/europa/deutschl/erk/deut1831.krn,essen-folksong-collection-2d0ca75e87dc7a725556c8090e3681c1fa3a0452/europa/elsass/elsass59.krn,1.0,39,0
essen-folksong-collection-2d0ca75e87dc7a725556c8090e3681c1fa3a0452/europa/deutschl/erk/deut1695.krn,essen-folksong-collection-2d0ca75e87dc7a725556c8090e3681c1fa3a0452/europa/elsass/elsass46.krn,1.0,77,0
essen-folksong-collection-2d0ca75e87dc7a725556c8090e3681c1fa3a0452/europa/deutschl/erk/deut1372.krn,essen-folksong-collection-2d0ca75e87dc7a725556c8090e3681c1fa3a0452/europa/elsass/elsass30.krn,1.0,48,0
essen-folksong-collection-2d0ca75e87dc7a725556c8090e3681c1fa3a0452/europa/deutschl/boehme/deut2608.krn,essen-folksong-collection-2d0ca75e87dc7a725556c8090e3681c1fa3a0452/europa/elsass/elsass82.krn,1.0,67,0
essen-folksong-collection-2d0ca75e87dc7a725556c8090e3681c1fa3a0452/europa/deutschl/ballad/deut3484.krn,essen-folksong-collection-2d0ca75e87dc7a725556c8090e3681c1fa3a0452/europa/deutschl/zuccal/deut4783.krn,1.0,35,0
essen-folksong-collection-2d0ca75e87dc7a725556c8090e3681c1fa3a0452/asia/china/xinhua/china03.krn,essen-folksong-collection-2d0ca75e87dc7a725556c8090e3681c1fa3a0452/asia/china/xinhua/china08.krn,1.0,28,12
essen-folksong-collection-2d0ca75e87dc7a725556c8090e3681c1fa3a0452/europa/deutschl/allerkbd/deut3771.krn,essen-folksong-collection-2d0ca75e87dc7a725556c8090e3681c1fa3a0452/europa/deutschl/dva/deut4498.krn,1.0,56,0
essen-folksong-collection-2d0ca75e87dc7a725556c8090e3681c1fa3a0452/europa/deutschl/allerkbd/deut3710.krn,essen-folksong-collection-2d0ca75e87dc7a725556c8090e3681c1fa3a0452/europa/deutschl/erk/deut0829.krn,1.0,56,0
essen-folksong-collection-2d0ca75e87dc7a725556c8090e3681c1fa3a0452/europa/deutschl/ballad/deut3571.krn,essen-folksong-collection-2d0ca75e87dc7a725556c8090e3681c1fa3a0452/europa/deutschl/dva/deut4415.krn,1.0,41,0
essen-folksong-collection-2d0ca75e87dc7a725556c8090e3681c1fa3a0452/europa/deutschl/boehme/deut2495.krn,essen-folksong-collection-2d0ca75e87dc7a725556c8090e3681c1fa3a0452/europa/elsass/elsass79.krn,1.0,58,0
essen-folksong-collection-2d0ca75e87dc7a725556c8090e3681c1fa3a0452/europa/deutschl/erk/deut2058.krn,essen-folksong-collection-2d0ca75e87dc7a725556c8090e3681c1fa3a0452/europa/elsass/elsass70.krn,1.0,72,0
essen-folksong-collection-2d0ca75e87dc7a725556c8090e3681c1fa3a0452/europa/deutschl/allerkbd/deut3692.krn,essen-folksong-collection-2d0ca75e87dc7a725556c8090e3681c1fa3a0452/europa/deutschl/erk/deut0807.krn,1.0,51,0
essen-folksong-collection-2d0ca75e87dc7a725556c8090e3681c1fa3a0452/europa/deutschl/erk/deut2047.krn,essen-folksong-collection-2d0ca75e87dc7a725556c8090e3681c1fa3a0452/europa/elsass/elsass69.krn,1.0,88,0
essen-folksong-collection-2d0ca75e87dc7a725556c8090e3681c1fa3a0452/europa/deutschl/ballad/deut3060.krn,essen-folksong-collection-2d0ca75e87dc7a725556c8090e3681c1fa3a0452/europa/deutschl/erk/deut0703.krn,1.0,32,0
essen-folksong-collection-2d0ca75e87dc7a725556c8090e3681c1fa3a0452/europa/deutschl/erk/deut0992.krn,essen-folksong-collection-2d0ca75e87dc7a725556c8090e3681c1fa3a0452/europa/elsass/elsass15.krn,1.0,86,0
essen-folksong-collection-2d0ca75e87dc7a725556c8090e3681c1fa3a0452/europa/deutschl/allerkbd/deut3742.krn,essen-folksong-collection-2d0ca75e87dc7a725556c8090e3681c1fa3a0452/europa/deutschl/erk/deut2223.krn,1.0,33,0
essen-folksong-collection-2d0ca75e87dc7a725556c8090e3681c1fa3a0452/europa/deutschl/erk/deut2084.krn,essen-folksong-collection-2d0ca75e87dc7a725556c8090e3681c1fa3a0452/europa/elsass/elsass73.krn,1.0,26,0
essen-folksong-collection-2d0ca75e87dc7a725556c8090e3681c1fa3a0452/europa/deutschl/allerkbd/deut3749.krn,essen-folksong-collection-2d0ca75e87dc7a725556c8090e3681c1fa3a0452/europa/deutschl/boehme/deut2904.krn,1.0,123,0
essen-folksong-collection-2d0ca75e87dc7a725556c8090e3681c1fa3a0452/europa/deutschl/ballad/deut3208.krn,essen-folksong-collection-2d0ca75e87dc7a725556c8090e3681c1fa3a0452/europa/deutschl/ballad/deut3388.krn,1.0,38,0
essen-folksong-collection-2d0ca75e87dc7a725556c8090e3681c1fa3a0452/europa/deutschl/erk/deut1830.krn,essen-folksong-collection-2d0ca75e87dc7a725556c8090e3681c1fa3a0452/europa/elsass/elsass58.krn,1.0,39,0
essen-folksong-collection-2d0ca75e87dc7a725556c8090e3681c1fa3a0452/europa/deutschl/allerkbd/deut3754.krn,essen-folksong-collection-2d0ca75e87dc7a725556c8090e3681c1fa3a0452/europa/deutschl/dva/deut4404.krn,1.0,25,0
essen-folksong-collection-2d0ca75e87dc7a725556c8090e3681c1fa3a0452/europa/nederlan/neder010.krn,essen-folksong-collection-2d0ca75e87dc7a725556c8090e3681c1fa3a0452/europa/oesterrh/oestr078.krn,1.0,25,0
essen-folksong-collection-2d0ca75e87dc7a725556c8090e3681c1fa3a0452/europa/deutschl/zuccal/deut4840.krn,essen-folksong-collection-2d0ca75e87dc7a725556c8090e3681c1fa3a0452/europa/elsass/elsass11.krn,1.0,30,0
essen-folksong-collection-2d0ca75e87dc7a725556c8090e3681c1fa3a0452/europa/deutschl/ballad/deut3229.krn,essen-folksong-collection-2d0ca75e87dc7a725556c8090e3681c1fa3a0452/europa/deutschl/erk/deut0880.krn,1.0,32,0
essen-folksong-collection-2d0ca75e87dc7a725556c8090e3681c1fa3a0452/europa/deutschl/erk/deut0832.krn,essen-folksong-collection-2d0ca75e87dc7a725556c8090e3681c1fa3a0452/europa/elsass/elsass07.krn,1.0,43,0
essen-folksong-collection-2d0ca75e87dc7a725556c8090e3681c1fa3a0452/europa/deutschl/ballad/deut3246.krn,essen-folksong-collection-2d0ca75e87dc7a725556c8090e3681c1fa3a0452/europa/deutschl/zuccal/deut4851.krn,1.0,41,-5
essen-folksong-collection-2d0ca75e87dc7a725556c8090e3681c1fa3a0452/europa/deutschl/erk/deut2088.krn,essen-folksong-collection-2d0ca75e87dc7a725556c8090e3681c1fa3a0452/europa/elsass/elsass75.krn,1.0,34,0
essen-folksong-collection-2d0ca75e87dc7a725556c8090e3681c1fa3a0452/europa/deutschl/altdeu2/deut4217.krn,essen-folksong-collection-2d0ca75e87dc7a725556c8090e3681c1fa3a0452/europa/deutschl/erk/deut1518.krn,1.0,20,0
essen-folksong-collection-2d0ca75e87dc7a725556c8090e3681c1fa3a0452/europa/deutschl/allerkbd/deut3751.krn,essen-folksong-collection-2d0ca75e87dc7a725556c8090e3681c1fa3a0452/europa/deutschl/dva/deut4398.krn,1.0,60,0
essen-folksong-collection-2d0ca75e87dc7a725556c8090e3681c1fa3a0452/europa/deutschl/allerkbd/deut3727.krn,essen-folksong-collection-2d0ca75e87dc7a725556c8090e3681c1fa3a0452/europa/deutschl/erk/deut1672.krn,1.0,42,0
essen-folksong-collection-2d0ca75e87dc7a725556c8090e3681c1fa3a0452/europa/deutschl/erk/deut0932.krn,essen-folksong-collection-2d0ca75e87dc7a725556c8090e3681c1fa3a0452/europa/deutschl/zuccal/deut4840.krn,1.0,30,0
essen-folksong-collection-2d0ca75e87dc7a725556c8090e3681c1fa3a0452/europa/deutschl/altdeu2/deut4291.krn,essen-folksong-collection-2d0ca75e87dc7a725556c8090e3681c1fa3a0452/europa/deutschl/erk/deut2150.krn,1.0,24,0
essen-folksong-collection-2d0ca75e87dc7a725556c8090e3681c1fa3a0452/europa/deutschl/allerkbd/deut3761.krn,essen-folksong-collection-2d0ca75e87dc7a725556c8090e3681c1fa3a0452/europa/deutschl/dva/deut4457.krn,1.0,91,0
essen-folksong-collection-2d0ca75e87dc7a725556c8090e3681c1fa3a0452/europa/deutschl/altdeu1/deut3896.krn,essen-folksong-collection-2d0ca75e87dc7a725556c8090e3681c1fa3a0452/europa/deutschl/erk/deut1058.krn,1.0,29,0
essen-folksong-collection-2d0ca75e87dc7a725556c8090e3681c1fa3a0452/asia/china/han/han1091.krn,essen-folksong-collection-2d0ca75e87dc7a725556c8090e3681c1fa3a0452/asia/china/shanxi/shanx724.krn,1.0,38,0
essen-folksong-collection-2d0ca75e87dc7a725556c8090e3681c1fa3a0452/europa/deutschl/ballad/deut3614.krn,essen-folksong-collection-2d0ca75e87dc7a725556c8090e3681c1fa3a0452/europa/deutschl/ballad/deut3661.krn,1.0,30,0
essen-folksong-collection-2d0ca75e87dc7a725556c8090e3681c1fa3a0452/europa/deutschl/altdeu1/deut4001.krn,essen-folksong-collection-2d0ca75e87dc7a725556c8090e3681c1fa3a0452/europa/deutschl/erk/deut1507.krn,1.0,30,0
essen-folksong-collection-2d0ca75e87dc7a725556c8090e3681c1fa3a0452/europa/deutschl/ballad/deut3089.krn,essen-folksong-collection-2d0ca75e87dc7a725556c8090e3681c1fa3a0452/europa/deutschl/zuccal/deut4606.krn,1.0,35,0
essen-folksong-collection-2d0ca75e87dc7a725556c8090e3681c1fa3a0452/europa/deutschl/boehme/deut2623.krn,essen-folksong-collection-2d0ca75e87dc7a725556c8090e3681c1fa3a0452/europa/elsass/elsass84.krn,1.0,44,0
essen-folksong-collection-2d0ca75e87dc7a725556c8090e3681c1fa3a0452/europa/deutschl/boehme/deut2862.krn,essen-folksong-collection-2d0ca75e87dc7a725556c8090e3681c1fa3a0452/europa/elsass/elsass91.krn,1.0,36,0
essen-folksong-collection-2d0ca75e87dc7a725556c8090e3681c1fa3a0452/europa/deutschl/erk/deut1899.krn,essen-folksong-collection-2d0ca75e87dc7a725556c8090e3681c1fa3a0452/europa/elsass/elsass63.krn,1.0,63,0
essen-folksong-collection-2d0ca75e87dc7a725556c8090e3681c1fa3a0452/europa/deutschl/allerkbd/deut3715.krn,essen-folksong-collection-2d0ca75e87dc7a725556c8090e3681c1fa3a0452/europa/deutschl/erk/deut1275.krn,1.0,69,0
essen-folksong-collection-2d0ca75e87dc7a725556c8090e3681c1fa3a0452/europa/deutschl/erk/deut1215.krn,essen-folksong-collection-2d0ca75e87dc7a725556c8090e3681c1fa3a0452/europa/elsass/elsass23.krn,1.0,24,0
essen-folksong-collection-2d0ca75e87dc7a725556c8090e3681c1fa3a0452/europa/deutschl/ballad/deut3008.krn,essen-folksong-collection-2d0ca75e87dc7a725556c8090e3681c1fa3a0452/europa/deutschl/erk/deut0750.krn,1.0,43,0
essen-folksong-collection-2d0ca75e87dc7a725556c8090e3681c1fa3a0452/europa/deutschl/test/deut5147.krn,essen-folksong-collection-2d0ca75e87dc7a725556c8090e3681c1fa3a0452/europa/deutschl/test/deut5155.krn,1.0,29,0
essen-folksong-collection-2d0ca75e87dc7a725556c8090e3681c1fa3a0452/europa/schweiz/suisse04.krn,essen-folksong-collection-2d0ca75e87dc7a725556c8090e3681c1fa3a0452/europa/schweiz/suisse33.krn,1.0,36,0
essen-folksong-collection-2d0ca75e87dc7a725556c8090e3681c1fa3a0452/europa/deutschl/boehme/deut2586.krn,essen-folksong-collection-2d0ca75e87dc7a725556c8090e3681c1fa3a0452/europa/deutschl/fink/deut048.krn,1.0,58,0
essen-folksong-collection-2d0ca75e87dc7a725556c8090e3681c1fa3a0452/europa/deutschl/ballad/deut3479.krn,essen-folksong-collection-2d0ca75e87dc7a725556c8090e3681c1fa3a0452/europa/deutschl/erk/deut0609.krn,1.0,35,0
essen-folksong-collection-2d0ca75e87dc7a725556c8090e3681c1fa3a0452/europa/deutschl/ballad/deut2984.krn,essen-folksong-collection-2d0ca75e87dc7a725556c8090e3681c1fa3a0452/europa/deutschl/erk/deut0895.krn,1.0,23,2
essen-folksong-collection-2d0ca75e87dc7a725556c8090e3681c1fa3a0452/europa/deutschl/allerkbd/deut3691.krn,essen-folksong-collection-2d0ca75e87dc7a725556c8090e3681c1fa3a0452/europa/deutschl/erk/deut0806.krn,1.0,32,0
essen-folksong-collection-2d0ca75e87dc7a725556c8090e3681c1fa3a0452/europa/deutschl/ballad/deut3099.krn,essen-folksong-collection-2d0ca75e87dc7a725556c8090e3681c1fa3a0452/europa/deutschl/erk/deut0580.krn,1.0,34,0
essen-folksong-collection-2d0ca75e87dc7a725556c8090e3681c1fa3a0452/europa/deutschl/altdeu1/deut4011.krn,essen-folksong-collection-2d0ca75e87dc7a725556c8090e3681c1fa3a0452/europa/deutschl/erk/deut2077.krn,1.0,28,0
essen-folksong-collection-2d0ca75e87dc7a725556c8090e3681c1fa3a0452/europa/deutschl/allerkbd/deut3750.krn,essen-folksong-collection-2d0ca75e87dc7a725556c8090e3681c1fa3a0452/europa/deutschl/boehme/deut2970.krn,1.0,67,0
essen-folksong-collection-2d0ca75e87dc7a725556c8090e3681c1fa3a0452/europa/deutschl/boehme/deut2344.krn,essen-folksong-collection-2d0ca75e87dc7a725556c8090e3681c1fa3a0452/europa/deutschl/erk/deut2251.krn,1.0,27,-1
essen-folksong-collection-2d0ca75e87dc7a725556c8090e3681c1fa3a0452/europa/deutschl/erk/deut2019.krn,essen-folksong-collection-2d0ca75e87dc7a725556c8090e3681c1fa3a0452/europa/elsass/elsass68.krn,1.0,30,0
essen-folksong-collection-2d0ca75e87dc7a725556c8090e3681c1fa3a0452/europa/deutschl/boehme/deut2295.krn,essen-folksong-collection-2d0ca75e87dc7a725556c8090e3681c1fa3a0452/europa/elsass/elsass78.krn,1.0,76,0
essen-folksong-collection-2d0ca75e87dc7a725556c8090e3681c1fa3a0452/europa/deutschl/altdeu2/deut4244.krn,essen-folksong-collection-2d0ca75e87dc7a725556c8090e3681c1fa3a0452/europa/deutschl/erk/deut2129.krn,0.977,54,0
essen-folksong-collection-2d0ca75e87dc7a725556c8090e3681c1fa3a0452/europa/deutschl/altdeu1/deut4014.krn,essen-folksong-collection-2d0ca75e87dc7a725556c8090e3681c1fa3a0452/europa/deutschl/erk/deut1505.krn,0.972,46,0
essen-folksong-collection-2d0ca75e87dc7a725556c8090e3681c1fa3a0452/europa/deutschl/altdeu1/deut4014.krn,essen-folksong-collection-2d0ca75e87dc7a725556c8090e3681c1fa3a0452/europa/deutschl/zuccal/deut5040.krn,0.972,46,0
essen-folksong-collection-2d0ca75e87dc7a725556c8090e3681c1fa3a0452/europa/deutschl/ballad/deut3395.krn,essen-folksong-collection-2d0ca75e87dc7a725556c8090e3681c1fa3a0452/europa/deutschl/zuccal/deut4551.krn,0.957,52,0
essen-folksong-collection-2d0ca75e87dc7a725556c8090e3681c1fa3a0452/europa/deutschl/ballad/deut3535.krn,essen-folksong-collection-2d0ca75e87dc7a725556c8090e3681c1fa3a0452/europa/deutschl/erk/deut0854.krn,0.957,29,0
essen-folksong-collection-2d0ca75e87dc7a725556c8090e3681c1fa3a0452/europa/deutschl/fink/deut052.krn,essen-folksong-collection-2d0ca75e87dc7a725556c8090e3681c1fa3a0452/europa/deutschl/fink/deut053.krn,0.949,44,0
essen-folksong-collection-2d0ca75e87dc7a725556c8090e3681c1fa3a0452/europa/deutschl/erk/deut1359.krn,essen-folksong-collection-2d0ca75e87dc7a725556c8090e3681c1fa3a0452/europa/deutschl/zuccal/deut4776.krn,0.947,48,0
essen-folksong-collection-2d0ca75e87dc7a725556c8090e3681c1fa3a0452/europa/deutschl/fink/deut333.krn,essen-folksong-collection-2d0ca75e87dc7a725556c8090e3681c1fa3a0452/europa/deutschl/fink/deut334.krn,0.934,64,4
essen-folksong-collection-2d0ca75e87dc7a725556c8090e3681c1fa3a0452/europa/deutschl/altdeu1/deut4045.krn,essen-folksong-collection-2d0ca75e87dc7a725556c8090e3681c1fa3a0452/europa/deutschl/erk/deut1648.krn,0.923,36,0
essen-folksong-collection-2d0ca75e87dc7a725556c8090e3681c1fa3a0452/europa/deutschl/ballad/deut3439.krn,essen-folksong-collection-2d0ca75e87dc7a725556c8090e3681c1fa3a0452/europa/deutschl/erk/deut2181.krn,0.913,32,2
essen-folksong-collection-2d0ca75e87dc7a725556c8090e3681c1fa3a0452/europa/deutschl/erk/deut2145.krn,essen-folksong-collection-2d0ca75e87dc7a725556c8090e3681c1fa3a0452/europa/deutschl/erk/deut2146.krn,0.903,35,0
essen-folksong-collection-2d0ca75e87dc7a725556c8090e3681c1fa3a0452/europa/deutschl/erk/deut1512.krn,essen-folksong-collection-2d0ca75e87dc7a725556c8090e3681c1fa3a0452/europa/deutschl/erk/deut1513.krn,0.9,36,0
essen-folksong-collection-2d0ca75e87dc7a725556c8090e3681c1fa3a0452/europa/deutschl/altdeu1/deut4055.krn,essen-folksong-collection-2d0ca75e87dc7a725556c8090e3681c1fa3a0452/europa/deutschl/erk/deut1636.krn,0.9,43,0
essen-folksong-collection-2d0ca75e87dc7a725556c8090e3681c1fa3a0452/europa/deutschl/fink/deut006.krn,essen-folksong-collection-2d0ca75e87dc7a725556c8090e3681c1fa3a0452/europa/deutschl/zuccal/deut4779.krn,0.893,33,0
essen-folksong-collection-2d0ca75e87dc7a725556c8090e3681c1fa3a0452/europa/deutschl/ballad/deut3310.krn,essen-folksong-collection-2d0ca75e87dc7a725556c8090e3681c1fa3a0452/europa/deutschl/test/deut5150.krn,0.889,46,-2
essen-folksong-collection-2d0ca75e87dc7a725556c8090e3681c1fa3a0452/europa/deutschl/ballad/deut3310.krn,essen-folksong-collection-2d0ca75e87dc7a725556c8090e3681c1fa3a0452/europa/deutschl/zuccal/deut4509.krn,0.889,46,-4
essen-folksong-collection-2d0ca75e87dc7a725556c8090e3681c1fa3a0452/europa/deutschl/erk/deut0944.krn,essen-folksong-collection-2d0ca75e87dc7a725556c8090e3681c1fa3a0452/europa/deutschl/zuccal/deut4956.krn,0.886,47,0
essen-folksong-collection-2d0ca75e87dc7a725556c8090e3681c1fa3a0452/europa/deutschl/ballad/deut3027.krn,essen-folksong-collection-2d0ca75e87dc7a725556c8090e3681c1fa3a0452/europa/deutschl/zuccal/deut4526.krn,0.875,42,0
essen-folksong-collection-2d0ca75e87dc7a725556c8090e3681c1fa3a0452/europa/deutschl/altdeu1/deut3930.krn,essen-folksong-collection-2d0ca75e87dc7a725556c8090e3681c1fa3a0452/europa/deutschl/erk/deut1035.krn,0.854,42,-2
essen-folksong-collection-2d0ca75e87dc7a725556c8090e3681c1fa3a0452/europa/deutschl/boehme/deut2811.krn,essen-folksong-collection-2d0ca75e87dc7a725556c8090e3681c1fa3a0452/europa/deutschl/zuccal/deut5097.krn,0.852,59,0
essen-folksong-collection-2d0ca75e87dc7a725556c8090e3681c1fa3a0452/asia/china/han/han0417.krn,essen-folksong-collection-2d0ca75e87dc7a725556c8090e3681c1fa3a0452/asia/china/shanxi/shanx391.krn,0.85,24,4
essen-folksong-collection-2d0ca75e87dc7a725556c8090e3681c1fa3a0452/europa/deutschl/ballad/deut3018.krn,essen-folksong-collection-2d0ca75e87dc7a725556c8090e3681c1fa3a0452/europa/deutschl/erk/deut2262.krn,0.848,35,0
essen-folksong-collection-2d0ca75e87dc7a725556c8090e3681c1fa3a0452/europa/deutschl/ballad/deut3018.krn,essen-folksong-collection-2d0ca75e87dc7a725556c8090e3681c1fa3a0452/europa/deutschl/dva/deut4472.krn,0.848,35,0
essen-folksong-collection-2d0ca75e87dc7a725556c8090e3681c1fa3a0452/europa/deutschl/erk/deut1291.krn,essen-folksong-collection-2d0ca75e87dc7a725556c8090e3681c1fa3a0452/europa/deutschl/erk/deut1292.krn,0.833,69,0
essen-folksong-collection-2d0ca75e87dc7a725556c8090e3681c1fa3a0452/asia/china/han/han0062.krn,essen-folksong-collection-2d0ca75e87dc7a725556c8090e3681c1fa3a0452/asia/china/shanxi/shanx094.krn,0.822,39,0
essen-folksong-collection-2d0ca75e87dc7a725556c8090e3681c1fa3a0452/europa/deutschl/erk/deut1879.krn,essen-folksong-collection-2d0ca75e87dc7a725556c8090e3681c1fa3a0452/europa/deutschl/zuccal/deut5061.krn,0.821,30,0
essen-folksong-collection-2d0ca75e87dc7a725556c8090e3681c1fa3a0452/europa/deutschl/ballad/deut3318.krn,essen-folksong-collection-2d0ca75e87dc7a725556c8090e3681c1fa3a0452/europa/deutschl/erk/deut0890.krn,0.818,43,-3
essen-folksong-collection-2d0ca75e87dc7a725556c8090e3681c1fa3a0452/europa/deutschl/allerkbd/deut3760.krn,essen-folksong-collection-2d0ca75e87dc7a725556c8090e3681c1fa3a0452/europa/deutschl/erk/deut0708.krn,0.809,59,0
essen-folksong-collection-2d0ca75e87dc7a725556c8090e3681c1fa3a0452/europa/deutschl/dva/deut4435.krn,essen-folksong-collection-2d0ca75e87dc7a725556c8090e3681c1fa3a0452/europa/deutschl/erk/deut0708.krn,0.809,59,0
essen-folksong-collection-2d0ca75e87dc7a725556c8090e3681c1fa3a0452/europa/deutschl/erk/deut0597.krn,essen-folksong-collection-2d0ca75e87dc7a725556c8090e3681c1fa3a0452/europa/deutschl/zuccal/deut4548.krn,0.808,49,-3
essen-folksong-collection-2d0ca75e87dc7a725556c8090e3681c1fa3a0452/europa/deutschl/fink/deut291.krn,essen-folksong-collection-2d0ca75e87dc7a725556c8090e3681c1fa3a0452/europa/deutschl/fink/deut292.krn,0.806,78,0
essen-folksong-collection-2d0ca75e87dc7a725556c8090e3681c1fa3a0452/europa/schweiz/suisse21.krn,essen-folksong-collection-2d0ca75e87dc7a725556c8090e3681c1fa3a0452/europa/schweiz/suisse39.krn,0.804,34,0
essen-folksong-collection-2d0ca75e87dc7a725556c8090e3681c1fa3a0452/europa/deutschl/altdeu1/deut3964.krn,essen-folksong-collection-2d0ca75e87dc7a725556c8090e3681c1fa3a0452/europa/deutschl/erk/deut1459.krn,0.802,61,0
essen-folksong-collection-2d0ca75e87dc7a725556c8090e3681c1fa3a0452/europa/deutschl/erk/deut1599.krn,essen-folksong-collection-2d0ca75e87dc7a725556c8090e3681c1fa3a0452/europa/oesterrh/oestr053.krn,0.8,31,0
essen-folksong-collection-2d0ca75e87dc7a725556c8090e3681c1fa3a0452/asia/china/han/han0077.krn,essen-folksong-collection-2d0ca75e87dc7a725556c8090e3681c1fa3a0452/asia/china/shanxi/shanx015.krn,0.8,27,5
essen-folksong-collection-2d0ca75e87dc7a725556c8090e3681c1fa3a0452/europa/deutschl/ballad/deut3028.krn,essen-folksong-collection-2d0ca75e87dc7a725556c8090e3681c1fa3a0452/europa/nederlan/neder004.krn,0.786,29,0
essen-folksong-collection-2d0ca75e87dc7a725556c8090e3681c1fa3a0452/europa/deutschl/ballad/deut3232.krn,essen-folksong-collection-2d0ca75e87dc7a725556c8090e3681c1fa3a0452/europa/deutschl/erk/deut0885.krn,0.786,29,7
essen-folksong-collection-2d0ca75e87dc7a725556c8090e3681c1fa3a0452/europa/deutschl/altdeu1/deut3797.krn,essen-folksong-collection-2d0ca75e87dc7a725556c8090e3681c1fa3a0452/europa/deutschl/ballad/deut3035.krn,0.784,36,0
essen-folksong-collection-2d0ca75e87dc7a725556c8090e3681c1fa3a0452/europa/deutschl/ballad/deut3401.krn,essen-folksong-collection-2d0ca75e87dc7a725556c8090e3681c1fa3a0452/europa/deutschl/kinder/kindr087.krn,0.783,31,2
essen-folksong-collection-2d0ca75e87dc7a725556c8090e3681c1fa3a0452/europa/deutschl/erk/deut1009.krn,essen-folksong-collection-2d0ca75e87dc7a725556c8090e3681c1fa3a0452/europa/deutschl/zuccal/deut4998.krn,0.778,35,0
essen-folksong-collection-2d0ca75e87dc7a725556c8090e3681c1fa3a0452/europa/deutschl/ballad/deut3321.krn,essen-folksong-collection-2d0ca75e87dc7a725556c8090e3681c1fa3a0452/europa/lothring/lothr064.krn,0.778,21,2
essen-folksong-collection-2d0ca75e87dc7a725556c8090e3681c1fa3a0452/europa/deutschl/ballad/deut3211.krn,essen-folksong-collection-2d0ca75e87dc7a725556c8090e3681c1fa3a0452/europa/deutschl/ballad/deut3269.krn,0.778,35,-2
essen-folksong-collection-2d0ca75e87dc7a725556c8090e3681c1fa3a0452/europa/deutschl/ballad/deut3021.krn,essen-folksong-collection-2d0ca75e87dc7a725556c8090e3681c1fa3a0452/europa/deutschl/erk/deut2261.krn,0.778,28,5
essen-folksong-collection-2d0ca75e87dc7a725556c8090e3681c1fa3a0452/europa/deutschl/erk/deut1725.krn,essen-folksong-collection-2d0ca75e87dc7a725556c8090e3681c1fa3a0452/europa/deutschl/erk/deut1726.krn,0.776,67,0
essen-folksong-collection-2d0ca75e87dc7a725556c8090e3681c1fa3a0452/europa/deutschl/ballad/deut3153.krn,essen-folksong-collection-2d0ca75e87dc7a725556c8090e3681c1fa3a0452/europa/deutschl/ballad/deut3364.krn,0.762,23,3
essen-folksong-collection-2d0ca75e87dc7a725556c8090e3681c1fa3a0452/europa/deutschl/altdeu1/deut3778.krn,essen-folksong-collection-2d0ca75e87dc7a725556c8090e3681c1fa3a0452/europa/deutschl/zuccal/deut4573.krn,0.75,34,-8
essen-folksong-collection-2d0ca75e87dc7a725556c8090e3681c1fa3a0452/europa/deutschl/altdeu1/deut3778.krn,essen-folksong-collection-2d0ca75e87dc7a725556c8090e3681c1fa3a0452/europa/deutschl/ballad/deut3074.krn,0.75,34,-8
essen-folksong-collection-2d0ca75e87dc7a725556c8090e3681c1fa3a0452/europa/deutschl/erk/deut1931.krn,essen-folksong-collection-2d0ca75e87dc7a725556c8090e3681c1fa3a0452/europa/deutschl/erk/deut1932.krn,0.746,51,0
essen-folksong-collection-2d0ca75e87dc7a725556c8090e3681c1fa3a0452/europa/deutschl/erk/deut0757.krn,essen-folksong-collection-2d0ca75e87dc7a725556c8090e3681c1fa3a0452/europa/deutschl/erk/deut0758.krn,0.745,56,0
essen-folksong-collection-2d0ca75e87dc7a725556c8090e3681c1fa3a0452/europa/deutschl/erk/deut2067.krn,essen-folksong-collection-2d0ca75e87dc7a725556c8090e3681c1fa3a0452/europa/deutschl/kinder/kindr015.krn,0.744,38,0
essen-folksong-collection-2d0ca75e87dc7a725556c8090e3681c1fa3a0452/asia/china/han/han1099.krn,essen-folksong-collection-2d0ca75e87dc7a725556c8090e3681c1fa3a0452/asia/china/shanxi/shanx395.krn,0.743,60,0
essen-folksong-collection-2d0ca75e87dc7a725556c8090e3681c1fa3a0452/europa/deutschl/ballad/deut3045.krn,essen-folksong-collection-2d0ca75e87dc7a725556c8090e3681c1fa3a0452/europa/deutschl/boehme/deut2669.krn,0.743,33,0
essen-folksong-collection-2d0ca75e87dc7a725556c8090e3681c1fa3a0452/europa/deutschl/ballad/deut3073.krn,essen-folksong-collection-2d0ca75e87dc7a725556c8090e3681c1fa3a0452/europa/deutschl/erk/deut0619.krn,0.739,24,0
essen-folksong-collection-2d0ca75e87dc7a725556c8090e3681c1fa3a0452/europa/deutschl/allerkbd/deut3736.krn,essen-folksong-collection-2d0ca75e87dc7a725556c8090e3681c1fa3a0452/europa/deutschl/erk/deut1835.krn,0.735,43,0
essen-folksong-collection-2d0ca75e87dc7a725556c8090e3681c1fa3a0452/europa/deutschl/allerkbd/deut3735.krn,essen-folksong-collection-2d0ca75e87dc7a725556c8090e3681c1fa3a0452/europa/deutschl/allerkbd/deut3736.krn,0.735,43,0
essen-folksong-collection-2d0ca75e87dc7a725556c8090e3681c1fa3a0452/europa/deutschl/erk/deut1835.krn,essen-folksong-collection-2d0ca75e87dc7a725556c8090e3681c1fa3a0452/europa/deutschl/erk/deut1836.krn,0.735,43,0
essen-folksong-collection-2d0ca75e87dc7a725556c8090e3681c1fa3a0452/europa/deutschl/allerkbd/deut3735.krn,essen-folksong-collection-2d0ca75e87dc7a725556c8090e3681c1fa3a0452/europa/deutschl/erk/deut1836.krn,0.735,43,0
essen-folksong-collection-2d0ca75e87dc7a725556c8090e3681c1fa3a0452/europa/deutschl/ballad/deut3068.krn,essen-folksong-collection-2d0ca75e87dc7a725556c8090e3681c1fa3a0452/europa/deutschl/erk/deut0608.krn,0.733,31,-2
essen-folksong-collection-2d0ca75e87dc7a725556c8090e3681c1fa3a0452/asia/china/han/han0063.krn,essen-folksong-collection-2d0ca75e87dc7a725556c8090e3681c1fa3a0452/asia/china/shanxi/shanx466.krn,0.714,37,-15
essen-folksong-collection-2d0ca75e87dc7a725556c8090e3681c1fa3a0452/europa/deutschl/erk/deut0741.krn,essen-folksong-collection-2d0ca75e87dc7a725556c8090e3681c1fa3a0452/europa/deutschl/fink/deut440.krn,0.714,27,0
essen-folksong-collection-2d0ca75e87dc7a725556c8090e3681c1fa3a0452/europa/deutschl/kinder/kindr165.krn,essen-folksong-collection-2d0ca75e87dc7a725556c8090e3681c1fa3a0452/europa/deutschl/kinder/kindr166.krn,0.714,47,0
essen-folksong-collection-2d0ca75e87dc7a725556c8090e3681c1fa3a0452/europa/deutschl/fink/deut344.krn,essen-folksong-collection-2d0ca75e87dc7a725556c8090e3681c1fa3a0452/europa/deutschl/fink/deut345.krn,0.713,52,0
essen-folksong-collection-2d0ca75e87dc7a725556c8090e3681c1fa3a0452/europa/deutschl/altdeu2/deut4339.krn,essen-folksong-collection-2d0ca75e87dc7a725556c8090e3681c1fa3a0452/europa/deutschl/erk/deut2213.krn,0.708,24,2
essen-folksong-collection-2d0ca75e87dc7a725556c8090e3681c1fa3a0452/europa/deutschl/altdeu2/deut4150.krn,essen-folksong-collection-2d0ca75e87dc7a725556c8090e3681c1fa3a0452/europa/deutschl/erk/deut1707.krn,0.707,40,0
essen-folksong-collection-2d0ca75e87dc7a725556c8090e3681c1fa3a0452/europa/deutschl/erk/deut2111.krn,essen-folksong-collection-2d0ca75e87dc7a725556c8090e3681c1fa3a0452/europa/deutschl/kinder/kindr184.krn,0.7,22,-12
essen-folksong-collection-2d0ca75e87dc7a725556c8090e3681c1fa3a0452/europa/deutschl/erk/deut1424.krn,essen-folksong-collection-2d0ca75e87dc7a725556c8090e3681c1fa3a0452/europa/deutschl/erk/deut1425.krn,0.7,35,0
essen-folksong-collection-2d0ca75e87dc7a725556c8090e3681c1fa3a0452/europa/deutschl/altdeu1/deut4054.krn,essen-folksong-collection-2d0ca75e87dc7a725556c8090e3681c1fa3a0452/europa/deutschl/erk/deut1642.krn,0.7,42,0
essen-folksong-collection-2d0ca75e87dc7a725556c8090e3681c1fa3a0452/europa/schweiz/suisse06.krn,essen-folksong-collection-2d0ca75e87dc7a725556c8090e3681c1fa3a0452/europa/schweiz/suisse28.krn,0.698,51,0
essen-folksong-collection-2d0ca75e87dc7a725556c8090e3681c1fa3a0452/europa/deutschl/altdeu1/deut4059.krn,essen-folksong-collection-2d0ca75e87dc7a725556c8090e3681c1fa3a0452/europa/deutschl/erk/deut1637.krn,0.696,45,0
essen-folksong-collection-2d0ca75e87dc7a725556c8090e3681c1fa3a0452/europa/deutschl/altdeu1/deut3944.krn,essen-folksong-collection-2d0ca75e87dc7a725556c8090e3681c1fa3a0452/europa/deutschl/erk/deut1049.krn,0.694,49,0
essen-folksong-collection-2d0ca75e87dc7a725556c8090e3681c1fa3a0452/europa/jugoslav/jugos067.krn,essen-folksong-collection-2d0ca75e87dc7a725556c8090e3681c1fa3a0452/europa/jugoslav/jugos084.krn,0.69,30,0
essen-folksong-collection-2d0ca75e87dc7a725556c8090e3681c1fa3a0452/europa/deutschl/erk/deut0976.krn,essen-folksong-collection-2d0ca75e87dc7a725556c8090e3681c1fa3a0452/europa/deutschl/erk/deut0977.krn,0.689,49,0
essen-folksong-collection-2d0ca75e87dc7a725556c8090e3681c1fa3a0452/europa/deutschl/boehme/deut2960.krn,essen-folksong-collection-2d0ca75e87dc7a725556c8090e3681c1fa3a0452/europa/deutschl/fink/deut520.krn,0.689,34,12
essen-folksong-collection-2d0ca75e87dc7a725556c8090e3681c1fa3a0452/europa/deutschl/erk/deut1968.krn,essen-folksong-collection-2d0ca75e87dc7a725556c8090e3681c1fa3a0452/europa/deutschl/zuccal/deut5066.krn,0.686,47,-3
essen-folksong-collection-2d0ca75e87dc7a725556c8090e3681c1fa3a0452/europa/deutschl/zuccal/deut4661.krn,essen-folksong-collection-2d0ca75e87dc7a725556c8090e3681c1fa3a0452/europa/schweiz/suisse29.krn,0.684,36,-2
essen-folksong-collection-2d0ca75e87dc7a725556c8090e3681c1fa3a0452/europa/deutschl/erk/deut1071.krn,essen-folksong-collection-2d0ca75e87dc7a725556c8090e3681c1fa3a0452/europa/deutschl/fink/deut072.krn,0.683,35,-2
essen-folksong-collection-2d0ca75e87dc7a725556c8090e3681c1fa3a0452/europa/deutschl/erk/deut2174.krn,essen-folksong-collection-2d0ca75e87dc7a725556c8090e3681c1fa3a0452/europa/deutschl/erk/deut2179.krn,0.682,22,0
essen-folksong-collection-2d0ca75e87dc7a725556c8090e3681c1fa3a0452/europa/deutschl/altdeu2/deut4240.krn,essen-folksong-collection-2d0ca75e87dc7a725556c8090e3681c1fa3a0452/europa/deutschl/erk/deut2130.krn,0.68,41,0
essen-folksong-collection-2d0ca75e87dc7a725556c8090e3681c1fa3a0452/europa/deutschl/erk/deut1407.krn,essen-folksong-collection-2d0ca75e87dc7a725556c8090e3681c1fa3a0452/europa/deutschl/zuccal/deut4785.krn,0.677,33,-2
essen-folksong-collection-2d0ca75e87dc7a725556c8090e3681c1fa3a0452/europa/deutschl/allerkbd/deut3727.krn,essen-folksong-collection-2d0ca75e87dc7a725556c8090e3681c1fa3a0452/europa/deutschl/allerkbd/deut3728.krn,0.676,37,5
essen-folksong-collection-2d0ca75e87dc7a725556c8090e3681c1fa3a0452/europa/deutschl/allerkbd/deut3728.krn,essen-folksong-collection-2d0ca75e87dc7a725556c8090e3681c1fa3a0452/europa/deutschl/erk/deut1672.krn,0.676,37,-5
essen-folksong-collection-2d0ca75e87dc7a725556c8090e3681c1fa3a0452/europa/deutschl/erk/deut1672.krn,essen-folksong-collection-2d0ca75e87dc7a725556c8090e3681c1fa3a0452/europa/deutschl/erk/deut1673.krn,0.676,37,5
essen-folksong-collection-2d0ca75e87dc7a725556c8090e3681c1fa3a0452/europa/deutschl/allerkbd/deut3727.krn,essen-folksong-collection-2d0ca75e87dc7a725556c8090e3681c1fa3a0452/europa/deutschl/erk/deut1673.krn,0.676,37,5
essen-folksong-collection-2d0ca75e87dc7a725556c8090e3681c1fa3a0452/europa/deutschl/zuccal/deut4643.krn,essen-folksong-collection-2d0ca75e87dc7a725556c8090e3681c1fa3a0452/europa/deutschl/zuccal/deut4861.krn,0.671,43,0
essen-folksong-collection-2d0ca75e87dc7a725556c8090e3681c1fa3a0452/asia/china/natmin/natmn184.krn,essen-folksong-collection-2d0ca75e87dc7a725556c8090e3681c1fa3a0452/asia/china/xinhua/china04.krn,0.667,49,-5
essen-folksong-collection-2d0ca75e87dc7a725556c8090e3681c1fa3a0452/europa/deutschl/erk/deut1419.krn,essen-folksong-collection-2d0ca75e87dc7a725556c8090e3681c1fa3a0452/europa/deutschl/fink/deut452.krn,0.667,25,0
essen-folksong-collection-2d0ca75e87dc7a725556c8090e3681c1fa3a0452/europa/deutschl/ballad/deut3076.krn,essen-folksong-collection-2d0ca75e87dc7a725556c8090e3681c1fa3a0452/europa/deutschl/erk/deut0898.krn,0.667,20,7
essen-folksong-collection-2d0ca75e87dc7a725556c8090e3681c1fa3a0452/asia/china/shanxi/shanx359.krn,essen-folksong-collection-2d0ca75e87dc7a725556c8090e3681c1fa3a0452/asia/china/shanxi/shanx715.krn,0.66,30,0
essen-folksong-collection-2d0ca75e87dc7a725556c8090e3681c1fa3a0452/europa/deutschl/ballad/deut3169.krn,essen-folksong-collection-2d0ca75e87dc7a725556c8090e3681c1fa3a0452/europa/deutschl/ballad/deut3175.krn,0.657,38,0
essen-folksong-collection-2d0ca75e87dc7a725556c8090e3681c1fa3a0452/europa/deutschl/altdeu2/deut4233.krn,essen-folksong-collection-2d0ca75e87dc7a725556c8090e3681c1fa3a0452/europa/deutschl/erk/deut2128.krn,0.655,26,5
essen-folksong-collection-2d0ca75e87dc7a725556c8090e3681c1fa3a0452/europa/deutschl/altdeu1/deut3852.krn,essen-folksong-collection-2d0ca75e87dc7a725556c8090e3681c1fa3a0452/europa/deutschl/erk/deut0886.krn,0.655,29,0
essen-folksong-collection-2d0ca75e87dc7a725556c8090e3681c1fa3a0452/europa/deutschl/boehme/deut2385.krn,essen-folksong-collection-2d0ca75e87dc7a725556c8090e3681c1fa3a0452/europa/deutschl/fink/deut495.krn,0.654,24,0
essen-folksong-collection-2d0ca75e87dc7a725556c8090e3681c1fa3a0452/asia/china/han/han0052.krn,essen-folksong-collection-2d0ca75e87dc7a725556c8090e3681c1fa3a0452/asia/china/shanxi/shanx786.krn,0.654,24,3
essen-folksong-collection-2d0ca75e87dc7a725556c8090e3681c1fa3a0452/asia/china/han/han0347.krn,essen-folksong-collection-2d0ca75e87dc7a725556c8090e3681c1fa3a0452/asia/china/han/han0884.krn,0.654,30,0
essen-folksong-collection-2d0ca75e87dc7a725556c8090e3681c1fa3a0452/europa/deutschl/ballad/deut3231.krn,essen-folksong-collection-2d0ca75e87dc7a725556c8090e3681c1fa3a0452/europa/deutschl/erk/deut0883.krn,0.652,22,0
essen-folksong-collection-2d0ca75e87dc7a725556c8090e3681c1fa3a0452/europa/deutschl/ballad/deut3115.krn,essen-folksong-collection-2d0ca75e87dc7a725556c8090e3681c1fa3a0452/europa/deutschl/erk/deut0883.krn,0.652,22,0
essen-folksong-collection-2d0ca75e87dc7a725556c8090e3681c1fa3a0452/europa/deutschl/erk/deut2098.krn,essen-folksong-collection-2d0ca75e87dc7a725556c8090e3681c1fa3a0452/europa/deutschl/kinder/kindr111.krn,0.649,30,0
essen-folksong-collection-2d0ca75e87dc7a725556c8090e3681c1fa3a0452/asia/china/han/han0067.krn,essen-folksong-collection-2d0ca75e87dc7a725556c8090e3681c1fa3a0452/asia/china/shanxi/shanx456.krn,0.646,38,2
essen-folksong-collection-2d0ca75e87dc7a725556c8090e3681c1fa3a0452/europa/deutschl/erk/deut0977.krn,essen-folksong-collection-2d0ca75e87dc7a725556c8090e3681c1fa3a0452/europa/deutschl/erk/deut0978.krn,0.644,47,0
essen-folksong-collection-2d0ca75e87dc7a725556c8090e3681c1fa3a0452/europa/deutschl/boehme/deut2743.krn,essen-folksong-collection-2d0ca75e87dc7a725556c8090e3681c1fa3a0452/europa/deutschl/fink/deut269.krn,0.644,51,0
essen-folksong-collection-2d0ca75e87dc7a725556c8090e3681c1fa3a0452/europa/deutschl/altdeu2/deut4264.krn,essen-folksong-collection-2d0ca75e87dc7a725556c8090e3681c1fa3a0452/europa/deutschl/erk/deut2143.krn,0.643,25,0
essen-folksong-collection-2d0ca75e87dc7a725556c8090e3681c1fa3a0452/europa/deutschl/erk/deut1560.krn,essen-folksong-collection-2d0ca75e87dc7a725556c8090e3681c1fa3a0452/europa/deutschl/zuccal/deut5078.krn,0.64,39,2
essen-folksong-collection-2d0ca75e87dc7a725556c8090e3681c1fa3a0452/europa/deutschl/altdeu1/deut3825.krn,essen-folksong-collection-2d0ca75e87dc7a725556c8090e3681c1fa3a0452/europa/deutschl/erk/deut1896.krn,0.638,37,0
essen-folksong-collection-2d0ca75e87dc7a725556c8090e3681c1fa3a0452/europa/deutschl/erk/deut1626.krn,essen-folksong-collection-2d0ca75e87dc7a725556c8090e3681c1fa3a0452/europa/deutschl/zuccal/deut4622.krn,0.638,50,9
essen-folksong-collection-2d0ca75e87dc7a725556c8090e3681c1fa3a0452/europa/deutschl/fink/deut044.krn,essen-folksong-collection-2d0ca75e87dc7a725556c8090e3681c1fa3a0452/europa/deutschl/fink/deut045.krn,0.636,28,0
essen-folksong-collection-2d0ca75e87dc7a725556c8090e3681c1fa3a0452/europa/deutschl/altdeu2/deut4239.krn,essen-folksong-collection-2d0ca75e87dc7a725556c8090e3681c1fa3a0452/europa/deutschl/erk/deut2132.krn,0.636,25,-2
essen-folksong-collection-2d0ca75e87dc7a725556c8090e3681c1fa3a0452/europa/deutschl/erk/deut1781.krn,essen-folksong-collection-2d0ca75e87dc7a725556c8090e3681c1fa3a0452/europa/deutschl/zuccal/deut4950.krn,0.635,35,0
essen-folksong-collection-2d0ca75e87dc7a725556c8090e3681c1fa3a0452/europa/oesterrh/oestr011.krn,essen-folksong-collection-2d0ca75e87dc7a725556c8090e3681c1fa3a0452/europa/oesterrh/oestr042.krn,0.633,25,0
essen-folksong-collection-2d0ca75e87dc7a725556c8090e3681c1fa3a0452/europa/deutschl/altdeu2/deut4207.krn,essen-folksong-collection-2d0ca75e87dc7a725556c8090e3681c1fa3a0452/europa/deutschl/zuccal/deut4645.krn,0.632,31,-3
essen-folksong-collection-2d0ca75e87dc7a725556c8090e3681c1fa3a0452/europa/deutschl/erk/deut2103.krn,essen-folksong-collection-2d0ca75e87dc7a725556c8090e3681c1fa3a0452/europa/deutschl/kinder/kindr167.krn,0.63,41,0
essen-folksong-collection-2d0ca75e87dc7a725556c8090e3681c1fa3a0452/europa/deutschl/erk/deut1798.krn,essen-folksong-collection-2d0ca75e87dc7a725556c8090e3681c1fa3a0452/europa/deutschl/zuccal/deut4507.krn,0.628,34,-2
essen-folksong-collection-2d0ca75e87dc7a725556c8090e3681c1fa3a0452/europa/deutschl/ballad/deut3638.krn,essen-folksong-collection-2d0ca75e87dc7a725556c8090e3681c1fa3a0452/europa/deutschl/erk/deut0718.krn,0.627,34,5
essen-folksong-collection-2d0ca75e87dc7a725556c8090e3681c1fa3a0452/europa/deutschl/ballad/deut3237.krn,essen-folksong-collection-2d0ca75e87dc7a725556c8090e3681c1fa3a0452/europa/deutschl/ballad/deut3384.krn,0.625,27,0
essen-folksong-collection-2d0ca75e87dc7a725556c8090e3681c1fa3a0452/asia/china/han/han0319.krn,essen-folksong-collection-2d0ca75e87dc7a725556c8090e3681c1fa3a0452/asia/china/xinhua/china05.krn,0.625,22,-6
essen-folksong-collection-2d0ca75e87dc7a725556c8090e3681c1fa3a0452/europa/deutschl/altdeu1/deut3958.krn,essen-folksong-collection-2d0ca75e87dc7a725556c8090e3681c1fa3a0452/europa/deutschl/erk/deut1044.krn,0.625,17,0
essen-folksong-collection-2d0ca75e87dc7a725556c8090e3681c1fa3a0452/europa/deutschl/boehme/deut2758.krn,essen-folksong-collection-2d0ca75e87dc7a725556c8090e3681c1fa3a0452/europa/deutschl/fink/deut268.krn,0.625,50,0
essen-folksong-collection-2d0ca75e87dc7a725556c8090e3681c1fa3a0452/europa/deutschl/dva/deut4502.krn,essen-folksong-collection-2d0ca75e87dc7a725556c8090e3681c1fa3a0452/europa/deutschl/zuccal/deut4717.krn,0.622,24,-2
essen-folksong-collection-2d0ca75e87dc7a725556c8090e3681c1fa3a0452/europa/deutschl/boehme/deut2815.krn,essen-folksong-collection-2d0ca75e87dc7a725556c8090e3681c1fa3a0452/europa/deutschl/dva/deut4502.krn,0.622,24,2
essen-folksong-collection-2d0ca75e87dc7a725556c8090e3681c1fa3a0452/europa/schweiz/suisse10.krn,essen-folksong-collection-2d0ca75e87dc7a725556c8090e3681c1fa3a0452/europa/schweiz/suisse13.krn,0.619,20,0
essen-folksong-collection-2d0ca75e87dc7a725556c8090e3681c1fa3a0452/europa/deutschl/erk/deut1669.krn,essen-folksong-collection-2d0ca75e87dc7a725556c8090e3681c1fa3a0452/europa/deutschl/kinder/kindr085.krn,0.619,20,-7
essen-folksong-collection-2d0ca75e87dc7a725556c8090e3681c1fa3a0452/europa/deutschl/altdeu1/deut3898.krn,essen-folksong-collection-2d0ca75e87dc7a725556c8090e3681c1fa3a0452/europa/deutschl/erk/deut0998.krn,0.619,46,0
essen-folksong-collection-2d0ca75e87dc7a725556c8090e3681c1fa3a0452/europa/czech/czech20.krn,essen-folksong-collection-2d0ca75e87dc7a725556c8090e3681c1fa3a0452/europa/czech/czech34.krn,0.619,20,0
essen-folksong-collection-2d0ca75e87dc7a725556c8090e3681c1fa3a0452/europa/deutschl/altdeu1/deut3954.krn,essen-folksong-collection-2d0ca75e87dc7a725556c8090e3681c1fa3a0452/europa/deutschl/erk/deut1054.krn,0.617,36,17
essen-folksong-collection-2d0ca75e87dc7a725556c8090e3681c1fa3a0452/europa/deutschl/altdeu1/deut3953.krn,essen-folksong-collection-2d0ca75e87dc7a725556c8090e3681c1fa3a0452/europa/deutschl/altdeu1/deut3954.krn,0.617,36,0
essen-folksong-collection-2d0ca75e87dc7a725556c8090e3681c1fa3a0452/europa/deutschl/erk/deut0976.krn,essen-folksong-collection-2d0ca75e87dc7a725556c8090e3681c1fa3a0452/europa/deutschl/erk/deut0978.krn,0.617,47,0
essen-folksong-collection-2d0ca75e87dc7a725556c8090e3681c1fa3a0452/europa/deutschl/zuccal/deut4657.krn,essen-folksong-collection-2d0ca75e87dc7a725556c8090e3681c1fa3a0452/europa/deutschl/zuccal/deut5089.krn,0.616,45,0
essen-folksong-collection-2d0ca75e87dc7a725556c8090e3681c1fa3a0452/europa/deutschl/allerkbd/deut3699.krn,essen-folksong-collection-2d0ca75e87dc7a725556c8090e3681c1fa3a0452/europa/deutschl/erk/deut0813.krn,0.614,48,0
essen-folksong-collection-2d0ca75e87dc7a725556c8090e3681c1fa3a0452/europa/deutschl/erk/deut0813.krn,essen-folksong-collection-2d0ca75e87dc7a725556c8090e3681c1fa3a0452/europa/deutschl/erk/deut0814.krn,0.614,48,0
essen-folksong-collection-2d0ca75e87dc7a725556c8090e3681c1fa3a0452/europa/deutschl/allerkbd/deut3698.krn,essen-folksong-collection-2d0ca75e87dc7a725556c8090e3681c1fa3a0452/europa/deutschl/erk/deut0814.krn,0.614,48,0
essen-folksong-collection-2d0ca75e87dc7a725556c8090e3681c1fa3a0452/europa/deutschl/allerkbd/deut3698.krn,essen-folksong-collection-2d0ca75e87dc7a725556c8090e3681c1fa3a0452/europa/deutschl/allerkbd/deut3699.krn,0.614,48,0
essen-folksong-collection-2d0ca75e87dc7a725556c8090e3681c1fa3a0452/europa/deutschl/altdeu1/deut3852.krn,essen-folksong-collection-2d0ca75e87dc7a725556c8090e3681c1fa3a0452/europa/deutschl/zuccal/deut4551.krn,0.614,28,0
essen-folksong-collection-2d0ca75e87dc7a725556c8090e3681c1fa3a0452/europa/deutschl/altdeu1/deut3852.krn,essen-folksong-collection-2d0ca75e87dc7a725556c8090e3681c1fa3a0452/europa/deutschl/ballad/deut3395.krn,0.614,28,0
essen-folksong-collection-2d0ca75e87dc7a725556c8090e3681c1fa3a0452/europa/deutschl/altdeu1/deut4018.krn,essen-folksong-collection-2d0ca75e87dc7a725556c8090e3681c1fa3a0452/europa/deutschl/erk/deut0847.krn,0.614,33,0
essen-folksong-collection-2d0ca75e87dc7a725556c8090e3681c1fa3a0452/europa/deutschl/erk/deut0588.krn,essen-folksong-collection-2d0ca75e87dc7a725556c8090e3681c1fa3a0452/europa/deutschl/kinder/kindr047.krn,0.612,43,-7
essen-folksong-collection-2d0ca75e87dc7a725556c8090e3681c1fa3a0452/europa/deutschl/boehme/deut2974.krn,essen-folksong-collection-2d0ca75e87dc7a725556c8090e3681c1fa3a0452/europa/deutschl/fink/deut539.krn,0.612,29,-3
essen-folksong-collection-2d0ca75e87dc7a725556c8090e3681c1fa3a0452/europa/deutschl/kinder/kindr108.krn,essen-folksong-collection-2d0ca75e87dc7a725556c8090e3681c1fa3a0452/europa/deutschl/kinder/kindr109.krn,0.609,21,0
essen-folksong-collection-2d0ca75e87dc7a725556c8090e3681c1fa3a0452/europa/deutschl/altdeu2/deut4234.krn,essen-folksong-collection-2d0ca75e87dc7a725556c8090e3681c1fa3a0452/europa/deutschl/erk/deut2126.krn,0.609,37,-2
essen-folksong-collection-2d0ca75e87dc7a725556c8090e3681c1fa3a0452/europa/deutschl/altdeu1/deut4043.krn,essen-folksong-collection-2d0ca75e87dc7a725556c8090e3681c1fa3a0452/europa/deutschl/erk/deut1059.krn,0.607,30,0
essen-folksong-collection-2d0ca75e87dc7a725556c8090e3681c1fa3a0452/europa/deutschl/erk/deut1495.krn,essen-folksong-collection-2d0ca75e87dc7a725556c8090e3681c1fa3a0452/europa/deutschl/erk/deut1496.krn,0.604,39,0
essen-folksong-collection-2d0ca75e87dc7a725556c8090e3681c1fa3a0452/europa/schweiz/suisse09.krn,essen-folksong-collection-2d0ca75e87dc7a725556c8090e3681c1fa3a0452/europa/schweiz/suisse31.krn,0.6,25,-1
essen-folksong-collection-2d0ca75e87dc7a725556c8090e3681c1fa3a0452/europa/deutschl/erk/deut1755.krn,essen-folksong-collection-2d0ca75e87dc7a725556c8090e3681c1fa3a0452/europa/deutschl/zuccal/deut4710.krn,0.597,44,1
essen-folksong-collection-2d0ca75e87dc7a725556c8090e3681c1fa3a0452/europa/misc/emmenth1.krn,essen-folksong-collection-2d0ca75e87dc7a725556c8090e3681c1fa3a0452/europa/schweiz/suisse22.krn,0.596,24,0
essen-folksong-collection-2d0ca75e87dc7a725556c8090e3681c1fa3a0452/asia/china/han/han0350.krn,essen-folksong-collection-2d0ca75e87dc7a725556c8090e3681c1fa3a0452/asia/china/han/han0868.krn,0.595,31,-2
essen-folksong-collection-2d0ca75e87dc7a725556c8090e3681c1fa3a0452/europa/deutschl/erk/deut0712.krn,essen-folksong-collection-2d0ca75e87dc7a725556c8090e3681c1fa3a0452/europa/deutschl/zuccal/deut4827.krn,0.595,29,-2
essen-folksong-collection-2d0ca75e87dc7a725556c8090e3681c1fa3a0452/europa/deutschl/erk/deut0724.krn,essen-folksong-collection-2d0ca75e87dc7a725556c8090e3681c1fa3a0452/europa/deutschl/erk/deut0725.krn,0.594,26,0
essen-folksong-collection-2d0ca75e87dc7a725556c8090e3681c1fa3a0452/europa/deutschl/boehme/deut2724.krn,essen-folksong-collection-2d0ca75e87dc7a725556c8090e3681c1fa3a0452/europa/deutschl/fink/deut560.krn,0.593,39,-1
essen-folksong-collection-2d0ca75e87dc7a725556c8090e3681c1fa3a0452/europa/deutschl/erk/deut1070.krn,essen-folksong-collection-2d0ca75e87dc7a725556c8090e3681c1fa3a0452/europa/deutschl/zuccal/deut4778.krn,0.592,34,-2
essen-folksong-collection-2d0ca75e87dc7a725556c8090e3681c1fa3a0452/europa/deutschl/boehme/deut2303.krn,essen-folksong-collection-2d0ca75e87dc7a725556c8090e3681c1fa3a0452/europa/deutschl/fink/deut238.krn,0.591,59,13
essen-folksong-collection-2d0ca75e87dc7a725556c8090e3681c1fa3a0452/europa/deutschl/erk/deut1393.krn,essen-folksong-collection-2d0ca75e87dc7a725556c8090e3681c1fa3a0452/europa/deutschl/zuccal/deut4782.krn,0.587,35,3
essen-folksong-collection-2d0ca75e87dc7a725556c8090e3681c1fa3a0452/asia/china/han/han0342b.krn,essen-folksong-collection-2d0ca75e87dc7a725556c8090e3681c1fa3a0452/asia/china/shanxi/shanx071.krn,0.587,63,10
essen-folksong-collection-2d0ca75e87dc7a725556c8090e3681c1fa3a0452/europa/deutschl/dva/deut4442.krn,essen-folksong-collection-2d0ca75e87dc7a725556c8090e3681c1fa3a0452/europa/deutschl/erk/deut1147.krn,0.583,25,0
essen-folksong-collection-2d0ca75e87dc7a725556c8090e3681c1fa3a0452/europa/deutschl/dva/deut4470.krn,essen-folksong-collection-2d0ca75e87dc7a725556c8090e3681c1fa3a0452/europa/deutschl/fink/deut072.krn,0.583,35,-2
essen-folksong-collection-2d0ca75e87dc7a725556c8090e3681c1fa3a0452/europa/deutschl/erk/deut1070.krn,essen-folksong-collection-2d0ca75e87dc7a725556c8090e3681c1fa3a0452/europa/deutschl/fink/deut493.krn,0.583,29,0
essen-folksong-collection-2d0ca75e87dc7a725556c8090e3681c1fa3a0452/asia/china/han/han0030.krn,essen-folksong-collection-2d0ca75e87dc7a725556c8090e3681c1fa3a0452/asia/china/han/han0391.krn,0.581,31,-3
essen-folksong-collection-2d0ca75e87dc7a725556c8090e3681c1fa3a0452/europa/deutschl/ballad/deut3604.krn,essen-folksong-collection-2d0ca75e87dc7a725556c8090e3681c1fa3a0452/europa/deutschl/zuccal/deut4868.krn,0.581,31,2
essen-folksong-collection-2d0ca75e87dc7a725556c8090e3681c1fa3a0452/europa/deutschl/altdeu1/deut3839.krn,essen-folksong-collection-2d0ca75e87dc7a725556c8090e3681c1fa3a0452/europa/deutschl/erk/deut1710.krn,0.581,25,0
essen-folksong-collection-2d0ca75e87dc7a725556c8090e3681c1fa3a0452/europa/deutschl/altdeu1/deut3774.krn,essen-folksong-collection-2d0ca75e87dc7a725556c8090e3681c1fa3a0452/europa/deutschl/ballad/deut2992.krn,0.58,48,0
essen-folksong-collection-2d0ca75e87dc7a725556c8090e3681c1fa3a0452/europa/deutschl/dva/deut4470.krn,essen-folksong-collection-2d0ca75e87dc7a725556c8090e3681c1fa3a0452/europa/deutschl/erk/deut1071.krn,0.58,36,0
essen-folksong-collection-2d0ca75e87dc7a725556c8090e3681c1fa3a0452/europa/deutschl/erk/deut1016.krn,essen-folksong-collection-2d0ca75e87dc7a725556c8090e3681c1fa3a0452/europa/deutschl/erk/deut1017.krn,0.579,29,0
essen-folksong-collection-2d0ca75e87dc7a725556c8090e3681c1fa3a0452/europa/deutschl/altdeu1/deut3790.krn,essen-folksong-collection-2d0ca75e87dc7a725556c8090e3681c1fa3a0452/europa/deutschl/erk/deut0750.krn,0.578,23,0
essen-folksong-collection-2d0ca75e87dc7a725556c8090e3681c1fa3a0452/europa/deutschl/erk/deut1175.krn,essen-folksong-collection-2d0ca75e87dc7a725556c8090e3681c1fa3a0452/europa/deutschl/zuccal/deut5016.krn,0.578,25,-2
essen-folksong-collection-2d0ca75e87dc7a725556c8090e3681c1fa3a0452/europa/deutschl/altdeu1/deut3790.krn,essen-folksong-collection-2d0ca75e87dc7a725556c8090e3681c1fa3a0452/europa/deutschl/ballad/deut3008.krn,0.578,23,0
essen-folksong-collection-2d0ca75e87dc7a725556c8090e3681c1fa3a0452/europa/deutschl/altdeu2/deut4314.krn,essen-folksong-collection-2d0ca75e87dc7a725556c8090e3681c1fa3a0452/europa/deutschl/ballad/deut3316.krn,0.574,28,5
essen-folksong-collection-2d0ca75e87dc7a725556c8090e3681c1fa3a0452/europa/deutschl/ballad/deut3105.krn,essen-folksong-collection-2d0ca75e87dc7a725556c8090e3681c1fa3a0452/europa/deutschl/ballad/deut3221.krn,0.574,23,0
essen-folksong-collection-2d0ca75e87dc7a725556c8090e3681c1fa3a0452/europa/deutschl/ballad/deut3105.krn,essen-folksong-collection-2d0ca75e87dc7a725556c8090e3681c1fa3a0452/europa/lothring/lothr009.krn,0.574,23,0
essen-folksong-collection-2d0ca75e87dc7a725556c8090e3681c1fa3a0452/europa/deutschl/erk/deut1112.krn,essen-folksong-collection-2d0ca75e87dc7a725556c8090e3681c1fa3a0452/europa/deutschl/zuccal/deut4686.krn,0.571,27,2
essen-folksong-collection-2d0ca75e87dc7a725556c8090e3681c1fa3a0452/europa/deutschl/boehme/deut2370.krn,essen-folksong-collection-2d0ca75e87dc7a725556c8090e3681c1fa3a0452/europa/deutschl/zuccal/deut4550.krn,0.571,28,0
essen-folksong-collection-2d0ca75e87dc7a725556c8090e3681c1fa3a0452/europa/deutschl/ballad/deut3380.krn,essen-folksong-collection-2d0ca75e87dc7a725556c8090e3681c1fa3a0452/europa/deutschl/erk/deut0652.krn,0.571,28,0
essen-folksong-collection-2d0ca75e87dc7a725556c8090e3681c1fa3a0452/europa/deutschl/altdeu1/deut3791.krn,essen-folksong-collection-2d0ca75e87dc7a725556c8090e3681c1fa3a0452/europa/deutschl/altdeu1/deut3793.krn,0.571,23,0
essen-folksong-collection-2d0ca75e87dc7a725556c8090e3681c1fa3a0452/europa/deutschl/altdeu1/deut3793.krn,essen-folksong-collection-2d0ca75e87dc7a725556c8090e3681c1fa3a0452/europa/deutschl/ballad/deut3016.krn,0.571,23,0
essen-folksong-collection-2d0ca75e87dc7a725556c8090e3681c1fa3a0452/europa/deutschl/boehme/deut2368.krn,essen-folksong-collection-2d0ca75e87dc7a725556c8090e3681c1fa3a0452/europa/deutschl/zuccal/deut4549.krn,0.568,28,0
essen-folksong-collection-2d0ca75e87dc7a725556c8090e3681c1fa3a0452/europa/deutschl/ballad/deut3422.krn,essen-folksong-collection-2d0ca75e87dc7a725556c8090e3681c1fa3a0452/europa/deutschl/dva/deut4416.krn,0.567,31,0
essen-folksong-collection-2d0ca75e87dc7a725556c8090e3681c1fa3a0452/europa/deutschl/erk/deut1284.krn,essen-folksong-collection-2d0ca75e87dc7a725556c8090e3681c1fa3a0452/europa/deutschl/zuccal/deut4808.krn,0.565,37,0
essen-folksong-collection-2d0ca75e87dc7a725556c8090e3681c1fa3a0452/europa/deutschl/ballad/deut3660.krn,essen-folksong-collection-2d0ca75e87dc7a725556c8090e3681c1fa3a0452/europa/deutschl/zuccal/deut4630.krn,0.564,29,2
essen-folksong-collection-2d0ca75e87dc7a725556c8090e3681c1fa3a0452/europa/deutschl/altdeu1/deut4002.krn,essen-folksong-collection-2d0ca75e87dc7a725556c8090e3681c1fa3a0452/europa/deutschl/erk/deut1511.krn,0.564,18,-5
essen-folksong-collection-2d0ca75e87dc7a725556c8090e3681c1fa3a0452/europa/deutschl/boehme/deut2406.krn,essen-folksong-collection-2d0ca75e87dc7a725556c8090e3681c1fa3a0452/europa/deutschl/zuccal/deut4908.krn,0.564,38,0
essen-folksong-collection-2d0ca75e87dc7a725556c8090e3681c1fa3a0452/asia/china/shanxi/shanx717.krn,essen-folksong-collection-2d0ca75e87dc7a725556c8090e3681c1fa3a0452/asia/china/shanxi/shanx752.krn,0.562,25,4
essen-folksong-collection-2d0ca75e87dc7a725556c8090e3681c1fa3a0452/europa/deutschl/erk/deut1207.krn,essen-folksong-collection-2d0ca75e87dc7a725556c8090e3681c1fa3a0452/europa/deutschl/erk/deut1208.krn,0.56,21,-2
essen-folksong-collection-2d0ca75e87dc7a725556c8090e3681c1fa3a0452/europa/deutschl/erk/deut2069.krn,essen-folksong-collection-2d0ca75e87dc7a725556c8090e3681c1fa3a0452/europa/deutschl/kinder/kindr031.krn,0.56,34,0
essen-folksong-collection-2d0ca75e87dc7a725556c8090e3681c1fa3a0452/europa/deutschl/ballad/deut3031.krn,essen-folksong-collection-2d0ca75e87dc7a725556c8090e3681c1fa3a0452/europa/deutschl/erk/deut0683.krn,0.558,26,0
essen-folksong-collection-2d0ca75e87dc7a725556c8090e3681c1fa3a0452/europa/schweiz/suisse74.krn,essen-folksong-collection-2d0ca75e87dc7a725556c8090e3681c1fa3a0452/europa/schweiz/suisse75.krn,0.556,27,1
essen-folksong-collection-2d0ca75e87dc7a725556c8090e3681c1fa3a0452/europa/deutschl/altdeu2/deut4181.krn,essen-folksong-collection-2d0ca75e87dc7a725556c8090e3681c1fa3a0452/europa/deutschl/erk/deut1927.krn,0.554,24,0
essen-folksong-collection-2d0ca75e87dc7a725556c8090e3681c1fa3a0452/europa/deutschl/boehme/deut2381.krn,essen-folksong-collection-2d0ca75e87dc7a725556c8090e3681c1fa3a0452/europa/deutschl/zuccal/deut4530.krn,0.551,45,0
essen-folksong-collection-2d0ca75e87dc7a725556c8090e3681c1fa3a0452/asia/china/han/han1090.krn,essen-folksong-collection-2d0ca75e87dc7a725556c8090e3681c1fa3a0452/asia/china/shanxi/shanx721.krn,0.548,32,0
essen-folksong-collection-2d0ca75e87dc7a725556c8090e3681c1fa3a0452/europa/deutschl/allerkbd/deut3703.krn,essen-folksong-collection-2d0ca75e87dc7a725556c8090e3681c1fa3a0452/europa/deutschl/altdeu1/deut3836.krn,0.548,22,0
essen-folksong-collection-2d0ca75e87dc7a725556c8090e3681c1fa3a0452/europa/deutschl/altdeu1/deut3836.krn,essen-folksong-collection-2d0ca75e87dc7a725556c8090e3681c1fa3a0452/europa/deutschl/erk/deut0819.krn,0.548,22,0
essen-folksong-collection-2d0ca75e87dc7a725556c8090e3681c1fa3a0452/europa/deutschl/ballad/deut3605.krn,essen-folksong-collection-2d0ca75e87dc7a725556c8090e3681c1fa3a0452/europa/deutschl/boehme/deut2779.krn,0.546,45,12
essen-folksong-collection-2d0ca75e87dc7a725556c8090e3681c1fa3a0452/europa/deutschl/ballad/deut3584.krn,essen-folksong-collection-2d0ca75e87dc7a725556c8090e3681c1fa3a0452/europa/deutschl/erk/deut0698.krn,0.545,31,0
essen-folksong-collection-2d0ca75e87dc7a725556c8090e3681c1fa3a0452/europa/deutschl/altdeu2/deut4385.krn,essen-folksong-collection-2d0ca75e87dc7a725556c8090e3681c1fa3a0452/europa/deutschl/erk/deut2242.krn,0.545,25,0
essen-folksong-collection-2d0ca75e87dc7a725556c8090e3681c1fa3a0452/europa/deutschl/erk/deut1790.krn,essen-folksong-collection-2d0ca75e87dc7a725556c8090e3681c1fa3a0452/europa/deutschl/erk/deut1791.krn,0.545,19,-1
essen-folksong-collection-2d0ca75e87dc7a725556c8090e3681c1fa3a0452/europa/deutschl/erk/deut1556.krn,essen-folksong-collection-2d0ca75e87dc7a725556c8090e3681c1fa3a0452/europa/deutschl/zuccal/deut4576.krn,0.545,37,0
essen-folksong-collection-2d0ca75e87dc7a725556c8090e3681c1fa3a0452/europa/deutschl/allerkbd/deut3677.krn,essen-folksong-collection-2d0ca75e87dc7a725556c8090e3681c1fa3a0452/europa/deutschl/ballad/deut3267.krn,0.543,26,0
essen-folksong-collection-2d0ca75e87dc7a725556c8090e3681c1fa3a0452/europa/deutschl/ballad/deut3624.krn,essen-folksong-collection-2d0ca75e87dc7a725556c8090e3681c1fa3a0452/europa/deutschl/ballad/deut3646.krn,0.543,26,2
essen-folksong-collection-2d0ca75e87dc7a725556c8090e3681c1fa3a0452/europa/deutschl/ballad/deut3267.krn,essen-folksong-collection-2d0ca75e87dc7a725556c8090e3681c1fa3a0452/europa/deutschl/erk/deut0792.krn,0.543,26,0
essen-folksong-collection-2d0ca75e87dc7a725556c8090e3681c1fa3a0452/europa/deutschl/altdeu1/deut3887.krn,essen-folksong-collection-2d0ca75e87dc7a725556c8090e3681c1fa3a0452/europa/deutschl/erk/deut1023.krn,0.542,39,0
essen-folksong-collection-2d0ca75e87dc7a725556c8090e3681c1fa3a0452/asia/china/han/han1095.krn,essen-folksong-collection-2d0ca75e87dc7a725556c8090e3681c1fa3a0452/asia/china/shanxi/shanx402.krn,0.538,27,0
essen-folksong-collection-2d0ca75e87dc7a725556c8090e3681c1fa3a0452/europa/deutschl/altdeu2/deut4342.krn,essen-folksong-collection-2d0ca75e87dc7a725556c8090e3681c1fa3a0452/europa/deutschl/ballad/deut3236.krn,0.536,22,5
essen-folksong-collection-2d0ca75e87dc7a725556c8090e3681c1fa3a0452/europa/deutschl/boehme/deut2692.krn,essen-folksong-collection-2d0ca75e87dc7a725556c8090e3681c1fa3a0452/europa/deutschl/boehme/deut2693.krn,0.535,54,0
essen-folksong-collection-2d0ca75e87dc7a725556c8090e3681c1fa3a0452/europa/deutschl/erk/deut1899.krn,essen-folksong-collection-2d0ca75e87dc7a725556c8090e3681c1fa3a0452/europa/oesterrh/oestr043.krn,0.528,42,-2
essen-folksong-collection-2d0ca75e87dc7a725556c8090e3681c1fa3a0452/europa/elsass/elsass63.krn,essen-folksong-collection-2d0ca75e87dc7a725556c8090e3681c1fa3a0452/europa/oesterrh/oestr043.krn,0.528,42,-2
essen-folksong-collection-2d0ca75e87dc7a725556c8090e3681c1fa3a0452/europa/deutschl/altdeu2/deut4382.krn,essen-folksong-collection-2d0ca75e87dc7a725556c8090e3681c1fa3a0452/europa/deutschl/zuccal/deut4601.krn,0.527,36,0
essen-folksong-collection-2d0ca75e87dc7a725556c8090e3681c1fa3a0452/europa/deutschl/altdeu1/deut4010.krn,essen-folksong-collection-2d0ca75e87dc7a725556c8090e3681c1fa3a0452/europa/deutschl/erk/deut1517.krn,0.526,27,0
essen-folksong-collection-2d0ca75e87dc7a725556c8090e3681c1fa3a0452/europa/deutschl/altdeu1/deut3838.krn,essen-folksong-collection-2d0ca75e87dc7a725556c8090e3681c1fa3a0452/europa/deutschl/erk/deut0833.krn,0.526,23,0
essen-folksong-collection-2d0ca75e87dc7a725556c8090e3681c1fa3a0452/europa/deutschl/boehme/deut2800.krn,essen-folksong-collection-2d0ca75e87dc7a725556c8090e3681c1fa3a0452/europa/deutschl/fink/deut067.krn,0.525,26,12
essen-folksong-collection-2d0ca75e87dc7a725556c8090e3681c1fa3a0452/europa/deutschl/erk/deut1784.krn,essen-folksong-collection-2d0ca75e87dc7a725556c8090e3681c1fa3a0452/europa/deutschl/zuccal/deut4588.krn,0.525,18,-4
essen-folksong-collection-2d0ca75e87dc7a725556c8090e3681c1fa3a0452/europa/deutschl/altdeu2/deut4201.krn,essen-folksong-collection-2d0ca75e87dc7a725556c8090e3681c1fa3a0452/europa/deutschl/erk/deut1045.krn,0.524,19,-2
essen-folksong-collection-2d0ca75e87dc7a725556c8090e3681c1fa3a0452/europa/deutschl/allerkbd/deut3671.krn,essen-folksong-collection-2d0ca75e87dc7a725556c8090e3681c1fa3a0452/europa/deutschl/altdeu1/deut3826.krn,0.522,31,0
essen-folksong-collection-2d0ca75e87dc7a725556c8090e3681c1fa3a0452/europa/deutschl/altdeu1/deut3826.krn,essen-folksong-collection-2d0ca75e87dc7a725556c8090e3681c1fa3a0452/europa/deutschl/erk/deut0786.krn,0.522,31,0
essen-folksong-collection-2d0ca75e87dc7a725556c8090e3681c1fa3a0452/europa/deutschl/altdeu2/deut4163.krn,essen-folksong-collection-2d0ca75e87dc7a725556c8090e3681c1fa3a0452/europa/deutschl/erk/deut1709.krn,0.519,38,0
essen-folksong-collection-2d0ca75e87dc7a725556c8090e3681c1fa3a0452/europa/deutschl/erk/deut1441.krn,essen-folksong-collection-2d0ca75e87dc7a725556c8090e3681c1fa3a0452/europa/deutschl/erk/deut1442.krn,0.517,38,0
essen-folksong-collection-2d0ca75e87dc7a725556c8090e3681c1fa3a0452/europa/deutschl/altdeu2/deut4221.krn,essen-folksong-collection-2d0ca75e87dc7a725556c8090e3681c1fa3a0452/europa/deutschl/erk/deut2079.krn,0.516,23,0
essen-folksong-collection-2d0ca75e87dc7a725556c8090e3681c1fa3a0452/europa/deutschl/boehme/deut2735.krn,essen-folksong-collection-2d0ca75e87dc7a725556c8090e3681c1fa3a0452/europa/deutschl/fink/deut208.krn,0.516,55,2
essen-folksong-collection-2d0ca75e87dc7a725556c8090e3681c1fa3a0452/europa/deutschl/erk/deut0848.krn,essen-folksong-collection-2d0ca75e87dc7a725556c8090e3681c1fa3a0452/europa/deutschl/zuccal/deut4624.krn,0.514,20,0
essen-folksong-collection-2d0ca75e87dc7a725556c8090e3681c1fa3a0452/europa/deutschl/ballad/deut3455.krn,essen-folksong-collection-2d0ca75e87dc7a725556c8090e3681c1fa3a0452/europa/deutschl/erk/deut0848.krn,0.514,20,0
essen-folksong-collection-2d0ca75e87dc7a725556c8090e3681c1fa3a0452/europa/deutschl/ballad/deut3078.krn,essen-folksong-collection-2d0ca75e87dc7a725556c8090e3681c1fa3a0452/europa/deutschl/zuccal/deut4844.krn,0.514,19,5
essen-folksong-collection-2d0ca75e87dc7a725556c8090e3681c1fa3a0452/europa/deutschl/erk/deut1271.krn,essen-folksong-collection-2d0ca75e87dc7a725556c8090e3681c1fa3a0452/europa/deutschl/zuccal/deut4655.krn,0.512,34,0
essen-folksong-collection-2d0ca75e87dc7a725556c8090e3681c1fa3a0452/asia/china/han/han0353.krn,essen-folksong-collection-2d0ca75e87dc7a725556c8090e3681c1fa3a0452/asia/china/han/han0918.krn,0.512,18,0
essen-folksong-collection-2d0ca75e87dc7a725556c8090e3681c1fa3a0452/europa/deutschl/altdeu2/deut4207.krn,essen-folksong-collection-2d0ca75e87dc7a725556c8090e3681c1fa3a0452/europa/deutschl/erk/deut1697.krn,0.512,27,0
essen-folksong-collection-2d0ca75e87dc7a725556c8090e3681c1fa3a0452/europa/deutschl/ballad/deut3091.krn,essen-folksong-collection-2d0ca75e87dc7a725556c8090e3681c1fa3a0452/europa/deutschl/erk/deut0612.krn,0.512,25,4
essen-folksong-collection-2d0ca75e87dc7a725556c8090e3681c1fa3a0452/europa/deutschl/boehme/deut2518.krn,essen-folksong-collection-2d0ca75e87dc7a725556c8090e3681c1fa3a0452/europa/deutschl/fink/deut562.krn,0.509,35,0
essen-folksong-collection-2d0ca75e87dc7a725556c8090e3681c1fa3a0452/europa/deutschl/erk/deut1953.krn,essen-folksong-collection-2d0ca75e87dc7a725556c8090e3681c1fa3a0452/europa/deutschl/erk/deut1954.krn,0.508,42,0
essen-folksong-collection-2d0ca75e87dc7a725556c8090e3681c1fa3a0452/europa/deutschl/boehme/deut2679.krn,essen-folksong-collection-2d0ca75e87dc7a725556c8090e3681c1fa3a0452/europa/deutschl/zuccal/deut4609.krn,0.508,28,-1
essen-folksong-collection-2d0ca75e87dc7a725556c8090e3681c1fa3a0452/europa/deutschl/erk/deut1199.krn,essen-folksong-collection-2d0ca75e87dc7a725556c8090e3681c1fa3a0452/europa/deutschl/fink/deut003.krn,0.508,41,14
essen-folksong-collection-2d0ca75e87dc7a725556c8090e3681c1fa3a0452/europa/deutschl/boehme/deut2755.krn,essen-folksong-collection-2d0ca75e87dc7a725556c8090e3681c1fa3a0452/europa/deutschl/boehme/deut2756.krn,0.507,44,0
essen-folksong-collection-2d0ca75e87dc7a725556c8090e3681c1fa3a0452/europa/deutschl/erk/deut1949.krn,essen-folksong-collection-2d0ca75e87dc7a725556c8090e3681c1fa3a0452/europa/deutschl/erk/deut1950.krn,0.5,17,0
essen-folksong-collection-2d0ca75e87dc7a725556c8090e3681c1fa3a0452/europa/deutschl/erk/deut1354.krn,essen-folksong-collection-2d0ca75e87dc7a725556c8090e3681c1fa3a0452/europa/deutschl/zuccal/deut4768.krn,0.5,29,-5
essen-folksong-collection-2d0ca75e87dc7a725556c8090e3681c1fa3a0452/europa/deutschl/zuccal/deut4562.krn,essen-folksong-collection-2d0ca75e87dc7a725556c8090e3681c1fa3a0452/europa/schweiz/suisse51.krn,0.5,21,-5
essen-folksong-collection-2d0ca75e87dc7a725556c8090e3681c1fa3a0452/europa/deutschl/kinder/kindr057.krn,essen-folksong-collection-2d0ca75e87dc7a725556c8090e3681c1fa3a0452/europa/deutschl/kinder/kindr180.krn,0.5,17,0
essen-folksong-collection-2d0ca75e87dc7a725556c8090e3681c1fa3a0452/europa/deutschl/erk/deut2193.krn,essen-folksong-collection-2d0ca75e87dc7a725556c8090e3681c1fa3a0452/europa/deutschl/fink/deut470.krn,0.5,21,0
essen-folksong-collection-2d0ca75e87dc7a725556c8090e3681c1fa3a0452/europa/deutschl/ballad/deut3053.krn,essen-folksong-collection-2d0ca75e87dc7a725556c8090e3681c1fa3a0452/europa/nederlan/neder080.krn,0.5,23,0
essen-folksong-collection-2d0ca75e87dc7a725556c8090e3681c1fa3a0452/europa/deutschl/altdeu2/deut4216.krn,essen-folksong-collection-2d0ca75e87dc7a725556c8090e3681c1fa3a0452/europa/deutschl/erk/deut2094.krn,0.5,17,-2
essen-folksong-collection-2d0ca75e87dc7a725556c8090e3681c1fa3a0452/europa/deutschl/zuccal/deut4562.krn,essen-folksong-collection-2d0ca75e87dc7a725556c8090e3681c1fa3a0452/europa/schweiz/suisse55.krn,0.5,21,0
essen-folksong-collection-2d0ca75e87dc7a725556c8090e3681c1fa3a0452/europa/deutschl/ballad/deut3435.krn,essen-folksong-collection-2d0ca75e87dc7a725556c8090e3681c1fa3a0452/europa/deutschl/zuccal/deut4900.krn,0.5,29,0
essen-folksong-collection-2d0ca75e87dc7a725556c8090e3681c1fa3a0452/europa/deutschl/erk/deut2089.krn,essen-folksong-collection-2d0ca75e87dc7a725556c8090e3681c1fa3a0452/europa/deutschl/kinder/kindr180.krn,0.5,17,0
essen-folksong-collection-2d0ca75e87dc7a725556c8090e3681c1fa3a0452/europa/deutschl/boehme/deut2911.krn,essen-folksong-collection-2d0ca75e87dc7a725556c8090e3681c1fa3a0452/europa/deutschl/fink/deut557.krn,0.5,26,-2
essen-folksong-collection-2d0ca75e87dc7a725556c8090e3681c1fa3a0452/europa/deutschl/ballad/deut3223.krn,essen-folksong-collection-2d0ca75e87dc7a725556c8090e3681c1fa3a0452/europa/deutschl/erk/deut0726.krn,0.5,30,12
essen-folksong-collection-2d0ca75e87dc7a725556c8090e3681c1fa3a0452/europa/deutschl/altdeu1/deut3975.krn,essen-folksong-collection-2d0ca75e87dc7a725556c8090e3681c1fa3a0452/europa/deutschl/zuccal/deut4768.krn,0.5,29,-5
essen-folksong-collection-2d0ca75e87dc7a725556c8090e3681c1fa3a0452/europa/deutschl/altdeu1/deut3962.krn,essen-folksong-collection-2d0ca75e87dc7a725556c8090e3681c1fa3a0452/europa/deutschl/erk/deut1454.krn,0.5,19,0
essen-folksong-collection-2d0ca75e87dc7a725556c8090e3681c1fa3a0452/europa/deutschl/zuccal/deut4553.krn,essen-folksong-collection-2d0ca75e87dc7a725556c8090e3681c1fa3a0452/europa/deutschl/zuccal/deut5041.krn,0.5,21,0
essen-folksong-collection-2d0ca75e87dc7a725556c8090e3681c1fa3a0452/europa/deutschl/altdeu1/deut3998.krn,essen-folksong-collection-2d0ca75e87dc7a725556c8090e3681c1fa3a0452/europa/deutschl/erk/deut1506.krn,0.5,18,-2
essen-folksong-collection-2d0ca75e87dc7a725556c8090e3681c1fa3a0452/europa/deutschl/ballad/deut3223.krn,essen-folksong-collection-2d0ca75e87dc7a725556c8090e3681c1fa3a0452/europa/deutschl/zuccal/deut4579.krn,0.5,30,7
essen-folksong-collection-2d0ca75e87dc7a725556c8090e3681c1fa3a0452/europa/deutschl/boehme/deut2783.krn,essen-folksong-collection-2d0ca75e87dc7a725556c8090e3681c1fa3a0452/europa/deutschl/fink/deut350.krn,0.494,46,1
essen-folksong-collection-2d0ca75e87dc7a725556c8090e3681c1fa3a0452/europa/deutschl/boehme/deut2292.krn,essen-folksong-collection-2d0ca75e87dc7a725556c8090e3681c1fa3a0452/europa/deutschl/fink/deut226.krn,0.494,45,-3
essen-folksong-collection-2d0ca75e87dc7a725556c8090e3681c1fa3a0452/europa/misc/oberhas1.krn,essen-folksong-collection-2d0ca75e87dc7a725556c8090e3681c1fa3a0452/europa/schweiz/suisse25.krn,0.491,54,0
essen-folksong-collection-2d0ca75e87dc7a725556c8090e3681c1fa3a0452/europa/deutschl/erk/deut0976.krn,essen-folksong-collection-2d0ca75e87dc7a725556c8090e3681c1fa3a0452/europa/deutschl/erk/deut0979.krn,0.491,32,0
essen-folksong-collection-2d0ca75e87dc7a725556c8090e3681c1fa3a0452/europa/deutschl/erk/deut1881.krn,essen-folksong-collection-2d0ca75e87dc7a725556c8090e3681c1fa3a0452/europa/deutschl/zuccal/deut5063.krn,0.489,19,0
essen-folksong-collection-2d0ca75e87dc7a725556c8090e3681c1fa3a0452/europa/deutschl/erk/deut1831.krn,essen-folksong-collection-2d0ca75e87dc7a725556c8090e3681c1fa3a0452/europa/elsass/elsass58.krn,0.488,28,0
essen-folksong-collection-2d0ca75e87dc7a725556c8090e3681c1fa3a0452/europa/elsass/elsass58.krn,essen-folksong-collection-2d0ca75e87dc7a725556c8090e3681c1fa3a0452/europa/elsass/elsass59.krn,0.488,28,0
essen-folksong-collection-2d0ca75e87dc7a725556c8090e3681c1fa3a0452/europa/deutschl/erk/deut1542.krn,essen-folksong-collection-2d0ca75e87dc7a725556c8090e3681c1fa3a0452/europa/deutschl/fink/deut062.krn,0.488,31,0
essen-folksong-collection-2d0ca75e87dc7a725556c8090e3681c1fa3a0452/europa/deutschl/erk/deut1830.krn,essen-folksong-collection-2d0ca75e87dc7a725556c8090e3681c1fa3a0452/europa/elsass/elsass59.krn,0.488,28,0
essen-folksong-collection-2d0ca75e87dc7a725556c8090e3681c1fa3a0452/europa/deutschl/erk/deut1830.krn,essen-folksong-collection-2d0ca75e87dc7a725556c8090e3681c1fa3a0452/europa/deutschl/erk/deut1831.krn,0.488,28,0
essen-folksong-collection-2d0ca75e87dc7a725556c8090e3681c1fa3a0452/asia/china/han/han0419.krn,essen-folksong-collection-2d0ca75e87dc7a725556c8090e3681c1fa3a0452/asia/china/shanxi/shanx291.krn,0.488,74,-7
essen-folksong-collection-2d0ca75e87dc7a725556c8090e3681c1fa3a0452/europa/deutschl/erk/deut0894.krn,essen-folksong-collection-2d0ca75e87dc7a725556c8090e3681c1fa3a0452/europa/deutschl/zuccal/deut4584.krn,0.488,27,0
essen-folksong-collection-2d0ca75e87dc7a725556c8090e3681c1fa3a0452/asia/china/han/han0972.krn,essen-folksong-collection-2d0ca75e87dc7a725556c8090e3681c1fa3a0452/asia/china/shanxi/shanx369.krn,0.486,17,0
essen-folksong-collection-2d0ca75e87dc7a725556c8090e3681c1fa3a0452/asia/china/han/han1087.krn,essen-folksong-collection-2d0ca75e87dc7a725556c8090e3681c1fa3a0452/asia/china/shanxi/shanx336.krn,0.486,17,0
essen-folksong-collection-2d0ca75e87dc7a725556c8090e3681c1fa3a0452/europa/deutschl/ballad/deut3528.krn,essen-folksong-collection-2d0ca75e87dc7a725556c8090e3681c1fa3a0452/europa/deutschl/ballad/deut3530.krn,0.485,23,0
essen-folksong-collection-2d0ca75e87dc7a725556c8090e3681c1fa3a0452/europa/deutschl/altdeu2/deut4292.krn,essen-folksong-collection-2d0ca75e87dc7a725556c8090e3681c1fa3a0452/europa/deutschl/erk/deut2151.krn,0.481,20,0
essen-folksong-collection-2d0ca75e87dc7a725556c8090e3681c1fa3a0452/europa/deutschl/altdeu2/deut4094.krn,essen-folksong-collection-2d0ca75e87dc7a725556c8090e3681c1fa3a0452/europa/deutschl/altdeu2/deut4364.krn,0.48,17,0
essen-folksong-collection-2d0ca75e87dc7a725556c8090e3681c1fa3a0452/europa/deutschl/boehme/deut2361.krn,essen-folksong-collection-2d0ca75e87dc7a725556c8090e3681c1fa3a0452/europa/deutschl/fink/deut436.krn,0.479,36,-2
essen-folksong-collection-2d0ca75e87dc7a725556c8090e3681c1fa3a0452/europa/deutschl/fink/deut017.krn,essen-folksong-collection-2d0ca75e87dc7a725556c8090e3681c1fa3a0452/europa/deutschl/fink/deut018.krn,0.479,30,-2
essen-folksong-collection-2d0ca75e87dc7a725556c8090e3681c1fa3a0452/europa/deutschl/allerkbd/deut3679.krn,essen-folksong-collection-2d0ca75e87dc7a725556c8090e3681c1fa3a0452/europa/deutschl/ballad/deut3497.krn,0.479,30,2
essen-folksong-collection-2d0ca75e87dc7a725556c8090e3681c1fa3a0452/europa/deutschl/ballad/deut3497.krn,essen-folksong-collection-2d0ca75e87dc7a725556c8090e3681c1fa3a0452/europa/deutschl/erk/deut0794.krn,0.479,30,-2
essen-folksong-collection-2d0ca75e87dc7a725556c8090e3681c1fa3a0452/europa/deutschl/erk/deut1789.krn,essen-folksong-collection-2d0ca75e87dc7a725556c8090e3681c1fa3a0452/europa/deutschl/erk/deut1791.krn,0.478,18,0
essen-folksong-collection-2d0ca75e87dc7a725556c8090e3681c1fa3a0452/europa/deutschl/erk/deut1789.krn,essen-folksong-collection-2d0ca75e87dc7a725556c8090e3681c1fa3a0452/europa/deutschl/erk/deut1790.krn,0.478,18,1
essen-folksong-collection-2d0ca75e87dc7a725556c8090e3681c1fa3a0452/europa/deutschl/erk/deut1725.krn,essen-folksong-collection-2d0ca75e87dc7a725556c8090e3681c1fa3a0452/europa/deutschl/zuccal/deut4582.krn,0.478,42,-2
essen-folksong-collection-2d0ca75e87dc7a725556c8090e3681c1fa3a0452/europa/deutschl/altdeu1/deut3971.krn,essen-folksong-collection-2d0ca75e87dc7a725556c8090e3681c1fa3a0452/europa/deutschl/erk/deut1500.krn,0.469,33,0
essen-folksong-collection-2d0ca75e87dc7a725556c8090e3681c1fa3a0452/europa/deutschl/ballad/deut3248.krn,essen-folksong-collection-2d0ca75e87dc7a725556c8090e3681c1fa3a0452/europa/lothring/lothr056.krn,0.469,33,2
essen-folksong-collection-2d0ca75e87dc7a725556c8090e3681c1fa3a0452/europa/deutschl/ballad/deut3248.krn,essen-folksong-collection-2d0ca75e87dc7a725556c8090e3681c1fa3a0452/europa/lothring/lothr026.krn,0.469,33,2
essen-folksong-collection-2d0ca75e87dc7a725556c8090e3681c1fa3a0452/europa/deutschl/erk/deut1786.krn,essen-folksong-collection-2d0ca75e87dc7a725556c8090e3681c1fa3a0452/europa/elsass/elsass54.krn,0.469,53,0
essen-folksong-collection-2d0ca75e87dc7a725556c8090e3681c1fa3a0452/europa/deutschl/erk/deut1785.krn,essen-folksong-collection-2d0ca75e87dc7a725556c8090e3681c1fa3a0452/europa/deutschl/erk/deut1786.krn,0.469,53,0
essen-folksong-collection-2d0ca75e87dc7a725556c8090e3681c1fa3a0452/europa/deutschl/boehme/deut2914.krn,essen-folksong-collection-2d0ca75e87dc7a725556c8090e3681c1fa3a0452/europa/deutschl/fink/deut151.krn,0.468,25,0
essen-folksong-collection-2d0ca75e87dc7a725556c8090e3681c1fa3a0452/europa/deutschl/erk/deut1464.krn,essen-folksong-collection-2d0ca75e87dc7a725556c8090e3681c1fa3a0452/europa/deutschl/erk/deut1465.krn,0.465,19,0
essen-folksong-collection-2d0ca75e87dc7a725556c8090e3681c1fa3a0452/europa/deutschl/erk/deut1643.krn,essen-folksong-collection-2d0ca75e87dc7a725556c8090e3681c1fa3a0452/europa/deutschl/erk/deut1644.krn,0.463,32,0
essen-folksong-collection-2d0ca75e87dc7a725556c8090e3681c1fa3a0452/europa/deutschl/ballad/deut3364.krn,essen-folksong-collection-2d0ca75e87dc7a725556c8090e3681c1fa3a0452/europa/deutschl/erk/deut1677.krn,0.458,18,-3
essen-folksong-collection-2d0ca75e87dc7a725556c8090e3681c1fa3a0452/europa/deutschl/erk/deut1712.krn,essen-folksong-collection-2d0ca75e87dc7a725556c8090e3681c1fa3a0452/europa/deutschl/erk/deut1713.krn,0.458,28,0
essen-folksong-collection-2d0ca75e87dc7a725556c8090e3681c1fa3a0452/europa/deutschl/boehme/deut2790.krn,essen-folksong-collection-2d0ca75e87dc7a725556c8090e3681c1fa3a0452/europa/deutschl/fink/deut407.krn,0.458,25,0
essen-folksong-collection-2d0ca75e87dc7a725556c8090e3681c1fa3a0452/europa/deutschl/altdeu2/deut4197.krn,essen-folksong-collection-2d0ca75e87dc7a725556c8090e3681c1fa3a0452/europa/deutschl/erk/deut1491.krn,0.457,20,0
essen-folksong-collection-2d0ca75e87dc7a725556c8090e3681c1fa3a0452/europa/deutschl/ballad/deut3101.krn,essen-folksong-collection-2d0ca75e87dc7a725556c8090e3681c1fa3a0452/europa/deutschl/erk/deut0578.krn,0.457,19,0
essen-folksong-collection-2d0ca75e87dc7a725556c8090e3681c1fa3a0452/europa/deutschl/altdeu1/deut4009.krn,essen-folksong-collection-2d0ca75e87dc7a725556c8090e3681c1fa3a0452/europa/deutschl/erk/deut1516.krn,0.457,14,0
essen-folksong-collection-2d0ca75e87dc7a725556c8090e3681c1fa3a0452/europa/deutschl/boehme/deut2919.krn,essen-folksong-collection-2d0ca75e87dc7a725556c8090e3681c1fa3a0452/europa/deutschl/boehme/deut2922.krn,0.453,39,0
essen-folksong-collection-2d0ca75e87dc7a725556c8090e3681c1fa3a0452/europa/deutschl/erk/deut1080.krn,essen-folksong-collection-2d0ca75e87dc7a725556c8090e3681c1fa3a0452/europa/deutschl/zuccal/deut4911.krn,0.451,27,5
essen-folksong-collection-2d0ca75e87dc7a725556c8090e3681c1fa3a0452/europa/deutschl/erk/deut1681.krn,essen-folksong-collection-2d0ca75e87dc7a725556c8090e3681c1fa3a0452/europa/deutschl/kinder/kindr087.krn,0.448,25,0
essen-folksong-collection-2d0ca75e87dc7a725556c8090e3681c1fa3a0452/europa/deutschl/fink/deut493.krn,essen-folksong-collection-2d0ca75e87dc7a725556c8090e3681c1fa3a0452/europa/deutschl/zuccal/deut4778.krn,0.444,29,-2
essen-folksong-collection-2d0ca75e87dc7a725556c8090e3681c1fa3a0452/europa/deutschl/erk/deut0976.krn,essen-folksong-collection-2d0ca75e87dc7a725556c8090e3681c1fa3a0452/europa/deutschl/erk/deut0980.krn,0.444,31,-2
essen-folksong-collection-2d0ca75e87dc7a725556c8090e3681c1fa3a0452/europa/deutschl/erk/deut1744.krn,essen-folksong-collection-2d0ca75e87dc7a725556c8090e3681c1fa3a0452/europa/deutschl/erk/deut1745.krn,0.444,27,-1
essen-folksong-collection-2d0ca75e87dc7a725556c8090e3681c1fa3a0452/europa/deutschl/boehme/deut2473.krn,essen-folksong-collection-2d0ca75e87dc7a725556c8090e3681c1fa3a0452/europa/deutschl/zuccal/deut5044.krn,0.442,26,0
essen-folksong-collection-2d0ca75e87dc7a725556c8090e3681c1fa3a0452/europa/misc/siebethl.krn,essen-folksong-collection-2d0ca75e87dc7a725556c8090e3681c1fa3a0452/europa/schweiz/suisse23.krn,0.44,41,0
essen-folksong-collection-2d0ca75e87dc7a725556c8090e3681c1fa3a0452/asia/china/han/han0138.krn,essen-folksong-collection-2d0ca75e87dc7a725556c8090e3681c1fa3a0452/asia/china/shanxi/shanx397.krn,0.44,29,2
essen-folksong-collection-2d0ca75e87dc7a725556c8090e3681c1fa3a0452/asia/china/han/han0138.krn,essen-folksong-collection-2d0ca75e87dc7a725556c8090e3681c1fa3a0452/asia/china/han/han0962.krn,0.44,29,0
essen-folksong-collection-2d0ca75e87dc7a725556c8090e3681c1fa3a0452/asia/china/han/han1094.krn,essen-folksong-collection-2d0ca75e87dc7a725556c8090e3681c1fa3a0452/asia/china/shanxi/shanx095.krn,0.438,14,6
essen-folksong-collection-2d0ca75e87dc7a725556c8090e3681c1fa3a0452/europa/deutschl/zuccal/deut4521.krn,essen-folksong-collection-2d0ca75e87dc7a725556c8090e3681c1fa3a0452/europa/elsass/elsass10.krn,0.438,14,0
essen-folksong-collection-2d0ca75e87dc7a725556c8090e3681c1fa3a0452/europa/deutschl/altdeu2/deut4248.krn,essen-folksong-collection-2d0ca75e87dc7a725556c8090e3681c1fa3a0452/europa/deutschl/erk/deut2140.krn,0.438,21,0
essen-folksong-collection-2d0ca75e87dc7a725556c8090e3681c1fa3a0452/europa/deutschl/altdeu2/deut4359.krn,essen-folksong-collection-2d0ca75e87dc7a725556c8090e3681c1fa3a0452/europa/deutschl/erk/deut1055.krn,0.438,16,7
essen-folksong-collection-2d0ca75e87dc7a725556c8090e3681c1fa3a0452/europa/deutschl/erk/deut0881.krn,essen-folksong-collection-2d0ca75e87dc7a725556c8090e3681c1fa3a0452/europa/deutschl/zuccal/deut4521.krn,0.438,14,0
essen-folksong-collection-2d0ca75e87dc7a725556c8090e3681c1fa3a0452/europa/deutschl/erk/deut0979.krn,essen-folksong-collection-2d0ca75e87dc7a725556c8090e3681c1fa3a0452/europa/deutschl/erk/deut0980.krn,0.436,31,-2
essen-folksong-collection-2d0ca75e87dc7a725556c8090e3681c1fa3a0452/europa/deutschl/ballad/deut3539.krn,essen-folksong-collection-2d0ca75e87dc7a725556c8090e3681c1fa3a0452/europa/deutschl/erk/deut0859.krn,0.436,24,0
essen-folksong-collection-2d0ca75e87dc7a725556c8090e3681c1fa3a0452/europa/deutschl/boehme/deut2411.krn,essen-folksong-collection-2d0ca75e87dc7a725556c8090e3681c1fa3a0452/europa/deutschl/fink/deut167.krn,0.435,18,0
essen-folksong-collection-2d0ca75e87dc7a725556c8090e3681c1fa3a0452/europa/deutschl/altdeu1/deut3977.krn,essen-folksong-collection-2d0ca75e87dc7a725556c8090e3681c1fa3a0452/europa/deutschl/erk/deut1356.krn,0.435,27,0
essen-folksong-collection-2d0ca75e87dc7a725556c8090e3681c1fa3a0452/europa/deutschl/dva/deut4419.krn,essen-folksong-collection-2d0ca75e87dc7a725556c8090e3681c1fa3a0452/europa/deutschl/dva/deut4420.krn,0.434,24,0
essen-folksong-collection-2d0ca75e87dc7a725556c8090e3681c1fa3a0452/europa/deutschl/boehme/deut2503.krn,essen-folksong-collection-2d0ca75e87dc7a725556c8090e3681c1fa3a0452/europa/deutschl/fink/deut015.krn,0.434,34,0
essen-folksong-collection-2d0ca75e87dc7a725556c8090e3681c1fa3a0452/europa/deutschl/ballad/deut3401.krn,essen-folksong-collection-2d0ca75e87dc7a725556c8090e3681c1fa3a0452/europa/deutschl/erk/deut1681.krn,0.433,25,2
essen-folksong-collection-2d0ca75e87dc7a725556c8090e3681c1fa3a0452/europa/deutschl/altdeu2/deut4149.krn,essen-folksong-collection-2d0ca75e87dc7a725556c8090e3681c1fa3a0452/europa/deutschl/erk/deut1708.krn,0.433,23,0
essen-folksong-collection-2d0ca75e87dc7a725556c8090e3681c1fa3a0452/europa/deutschl/altdeu1/deut3941.krn,essen-folksong-collection-2d0ca75e87dc7a725556c8090e3681c1fa3a0452/europa/deutschl/erk/deut1047.krn,0.431,31,0
essen-folksong-collection-2d0ca75e87dc7a725556c8090e3681c1fa3a0452/europa/deutschl/altdeu1/deut3849.krn,essen-folksong-collection-2d0ca75e87dc7a725556c8090e3681c1fa3a0452/europa/deutschl/erk/deut0571.krn,0.429,22,0
essen-folksong-collection-2d0ca75e87dc7a725556c8090e3681c1fa3a0452/europa/deutschl/erk/deut2194.krn,essen-folksong-collection-2d0ca75e87dc7a725556c8090e3681c1fa3a0452/europa/deutschl/erk/deut2195.krn,0.429,22,0
essen-folksong-collection-2d0ca75e87dc7a725556c8090e3681c1fa3a0452/europa/deutschl/boehme/deut2608.krn,essen-folksong-collection-2d0ca75e87dc7a725556c8090e3681c1fa3a0452/europa/deutschl/boehme/deut2609.krn,0.424,35,-2
essen-folksong-collection-2d0ca75e87dc7a725556c8090e3681c1fa3a0452/europa/deutschl/boehme/deut2609.krn,essen-folksong-collection-2d0ca75e87dc7a725556c8090e3681c1fa3a0452/europa/elsass/elsass82.krn,0.424,35,2
essen-folksong-collection-2d0ca75e87dc7a725556c8090e3681c1fa3a0452/europa/deutschl/ballad/deut3276.krn,essen-folksong-collection-2d0ca75e87dc7a725556c8090e3681c1fa3a0452/europa/deutschl/erk/deut2246.krn,0.424,17,-2
essen-folksong-collection-2d0ca75e87dc7a725556c8090e3681c1fa3a0452/europa/deutschl/altdeu2/deut4200.krn,essen-folksong-collection-2d0ca75e87dc7a725556c8090e3681c1fa3a0452/europa/deutschl/erk/deut0815.krn,0.424,15,0
essen-folksong-collection-2d0ca75e87dc7a725556c8090e3681c1fa3a0452/europa/deutschl/allerkbd/deut3700.krn,essen-folksong-collection-2d0ca75e87dc7a725556c8090e3681c1fa3a0452/europa/deutschl/altdeu2/deut4200.krn,0.424,15,0
essen-folksong-collection-2d0ca75e87dc7a725556c8090e3681c1fa3a0452/europa/deutschl/ballad/deut3585.krn,essen-folksong-collection-2d0ca75e87dc7a725556c8090e3681c1fa3a0452/europa/deutschl/erk/deut2255.krn,0.424,21,-5
essen-folksong-collection-2d0ca75e87dc7a725556c8090e3681c1fa3a0452/europa/deutschl/altdeu1/deut4053.krn,essen-folksong-collection-2d0ca75e87dc7a725556c8090e3681c1fa3a0452/europa/deutschl/erk/deut1645.krn,0.422,25,5
essen-folksong-collection-2d0ca75e87dc7a725556c8090e3681c1fa3a0452/europa/deutschl/altdeu1/deut3795.krn,essen-folksong-collection-2d0ca75e87dc7a725556c8090e3681c1fa3a0452/europa/sverige/sverig02.krn,0.421,16,0
essen-folksong-collection-2d0ca75e87dc7a725556c8090e3681c1fa3a0452/europa/deutschl/zuccal/deut4529.krn,essen-folksong-collection-2d0ca75e87dc7a725556c8090e3681c1fa3a0452/europa/sverige/sverig02.krn,0.421,16,0
essen-folksong-collection-2d0ca75e87dc7a725556c8090e3681c1fa3a0452/europa/deutschl/erk/deut2029.krn,essen-folksong-collection-2d0ca75e87dc7a725556c8090e3681c1fa3a0452/europa/deutschl/zuccal/deut4729.krn,0.419,17,0
essen-folksong-collection-2d0ca75e87dc7a725556c8090e3681c1fa3a0452/europa/deutschl/erk/deut1774.krn,essen-folksong-collection-2d0ca75e87dc7a725556c8090e3681c1fa3a0452/europa/deutschl/zuccal/deut4954.krn,0.419,22,0
essen-folksong-collection-2d0ca75e87dc7a725556c8090e3681c1fa3a0452/europa/deutschl/altdeu1/deut3833.krn,essen-folksong-collection-2d0ca75e87dc7a725556c8090e3681c1fa3a0452/europa/deutschl/zuccal/deut4555.krn,0.419,15,0
essen-folksong-collection-2d0ca75e87dc7a725556c8090e3681c1fa3a0452/europa/deutschl/zuccal/deut4558.krn,essen-folksong-collection-2d0ca75e87dc7a725556c8090e3681c1fa3a0452/europa/deutschl/zuccal/deut4590.krn,0.419,17,0
essen-folksong-collection-2d0ca75e87dc7a725556c8090e3681c1fa3a0452/europa/deutschl/erk/deut1861.krn,essen-folksong-collection-2d0ca75e87dc7a725556c8090e3681c1fa3a0452/europa/deutschl/erk/deut1862.krn,0.419,21,-1
essen-folksong-collection-2d0ca75e87dc7a725556c8090e3681c1fa3a0452/europa/deutschl/erk/deut2061.krn,essen-folksong-collection-2d0ca75e87dc7a725556c8090e3681c1fa3a0452/europa/deutschl/fink/deut005.krn,0.418,28,12
essen-folksong-collection-2d0ca75e87dc7a725556c8090e3681c1fa3a0452/asia/china/natmin/natmn102.krn,essen-folksong-collection-2d0ca75e87dc7a725556c8090e3681c1fa3a0452/asia/china/natmin/natmn158.krn,0.418,31,0
essen-folksong-collection-2d0ca75e87dc7a725556c8090e3681c1fa3a0452/europa/deutschl/erk/deut1590.krn,essen-folksong-collection-2d0ca75e87dc7a725556c8090e3681c1fa3a0452/europa/deutschl/zuccal/deut4627.krn,0.417,17,-2
essen-folksong-collection-2d0ca75e87dc7a725556c8090e3681c1fa3a0452/europa/deutschl/allerkbd/deut3663.krn,essen-folksong-collection-2d0ca75e87dc7a725556c8090e3681c1fa3a0452/europa/deutschl/zuccal/deut4539.krn,0.417,17,0
essen-folksong-collection-2d0ca75e87dc7a725556c8090e3681c1fa3a0452/europa/deutschl/erk/deut0751.krn,essen-folksong-collection-2d0ca75e87dc7a725556c8090e3681c1fa3a0452/europa/deutschl/zuccal/deut4539.krn,0.417,17,0
essen-folksong-collection-2d0ca75e87dc7a725556c8090e3681c1fa3a0452/europa/deutschl/ballad/deut3055.krn,essen-folksong-collection-2d0ca75e87dc7a725556c8090e3681c1fa3a0452/europa/deutschl/erk/deut0751.krn,0.417,17,12
essen-folksong-collection-2d0ca75e87dc7a725556c8090e3681c1fa3a0452/europa/deutschl/allerkbd/deut3663.krn,essen-folksong-collection-2d0ca75e87dc7a725556c8090e3681c1fa3a0452/europa/deutschl/ballad/deut3055.krn,0.417,17,-12
essen-folksong-collection-2d0ca75e87dc7a725556c8090e3681c1fa3a0452/asia/china/han/han0082.krn,essen-folksong-collection-2d0ca75e87dc7a725556c8090e3681c1fa3a0452/asia/china/han/han0295.krn,0.416,44,0
essen-folksong-collection-2d0ca75e87dc7a725556c8090e3681c1fa3a0452/europa/schweiz/suisse11.krn,essen-folksong-collection-2d0ca75e87dc7a725556c8090e3681c1fa3a0452/europa/schweiz/suisse41.krn,0.415,29,2
essen-folksong-collection-2d0ca75e87dc7a725556c8090e3681c1fa3a0452/europa/deutschl/erk/deut1015.krn,essen-folksong-collection-2d0ca75e87dc7a725556c8090e3681c1fa3a0452/europa/deutschl/zuccal/deut4812.krn,0.415,17,2
essen-folksong-collection-2d0ca75e87dc7a725556c8090e3681c1fa3a0452/europa/deutschl/altdeu2/deut4212.krn,essen-folksong-collection-2d0ca75e87dc7a725556c8090e3681c1fa3a0452/europa/schweiz/suisse21.krn,0.414,22,0
essen-folksong-collection-2d0ca75e87dc7a725556c8090e3681c1fa3a0452/europa/oesterrh/oestr026.krn,essen-folksong-collection-2d0ca75e87dc7a725556c8090e3681c1fa3a0452/europa/oesterrh/oestr051.krn,0.414,19,-2
essen-folksong-collection-2d0ca75e87dc7a725556c8090e3681c1fa3a0452/asia/china/han/han0012.krn,essen-folksong-collection-2d0ca75e87dc7a725556c8090e3681c1fa3a0452/asia/china/shanxi/shanx774.krn,0.41,23,2
essen-folksong-collection-2d0ca75e87dc7a725556c8090e3681c1fa3a0452/europa/deutschl/altdeu1/deut3891.krn,essen-folksong-collection-2d0ca75e87dc7a725556c8090e3681c1fa3a0452/europa/deutschl/erk/deut1000.krn,0.41,23,0
essen-folksong-collection-2d0ca75e87dc7a725556c8090e3681c1fa3a0452/europa/nederlan/neder043.krn,essen-folksong-collection-2d0ca75e87dc7a725556c8090e3681c1fa3a0452/europa/nederlan/neder070.krn,0.407,40,0
essen-folksong-collection-2d0ca75e87dc7a725556c8090e3681c1fa3a0452/europa/deutschl/erk/deut1817.krn,essen-folksong-collection-2d0ca75e87dc7a725556c8090e3681c1fa3a0452/europa/deutschl/fink/deut339.krn,0.406,32,0
essen-folksong-collection-2d0ca75e87dc7a725556c8090e3681c1fa3a0452/europa/deutschl/dva/deut4503.krn,essen-folksong-collection-2d0ca75e87dc7a725556c8090e3681c1fa3a0452/europa/deutschl/zuccal/deut4717.krn,0.405,22,-4
essen-folksong-collection-2d0ca75e87dc7a725556c8090e3681c1fa3a0452/europa/deutschl/boehme/deut2815.krn,essen-folksong-collection-2d0ca75e87dc7a725556c8090e3681c1fa3a0452/europa/deutschl/dva/deut4503.krn,0.405,22,4
essen-folksong-collection-2d0ca75e87dc7a725556c8090e3681c1fa3a0452/europa/deutschl/boehme/deut2644.krn,essen-folksong-collection-2d0ca75e87dc7a725556c8090e3681c1fa3a0452/europa/deutschl/boehme/deut2645.krn,0.404,28,0
essen-folksong-collection-2d0ca75e87dc7a725556c8090e3681c1fa3a0452/europa/deutschl/erk/deut1964.krn,essen-folksong-collection-2d0ca75e87dc7a725556c8090e3681c1fa3a0452/europa/deutschl/fink/deut085.krn,0.4,17,12
essen-folksong-collection-2d0ca75e87dc7a725556c8090e3681c1fa3a0452/europa/deutschl/altdeu1/deut3905.krn,essen-folksong-collection-2d0ca75e87dc7a725556c8090e3681c1fa3a0452/europa/deutschl/erk/deut1057.krn,0.4,19,0
essen-folksong-collection-2d0ca75e87dc7a725556c8090e3681c1fa3a0452/europa/deutschl/erk/deut1256.krn,essen-folksong-collection-2d0ca75e87dc7a725556c8090e3681c1fa3a0452/europa/deutschl/erk/deut1257.krn,0.4,25,2
essen-folksong-collection-2d0ca75e87dc7a725556c8090e3681c1fa3a0452/asia/china/han/han1092.krn,essen-folksong-collection-2d0ca75e87dc7a725556c8090e3681c1fa3a0452/asia/china/shanxi/shanx722.krn,0.4,19,2
essen-folksong-collection-2d0ca75e87dc7a725556c8090e3681c1fa3a0452/europa/deutschl/altdeu1/deut3983.krn,essen-folksong-collection-2d0ca75e87dc7a725556c8090e3681c1fa3a0452/europa/deutschl/erk/deut1360.krn,0.4,36,0
essen-folksong-collection-2d0ca75e87dc7a725556c8090e3681c1fa3a0452/europa/deutschl/boehme/deut2272.krn,essen-folksong-collection-2d0ca75e87dc7a725556c8090e3681c1fa3a0452/europa/deutschl/zuccal/deut4943.krn,0.398,48,0
essen-folksong-collection-2d0ca75e87dc7a725556c8090e3681c1fa3a0452/europa/deutschl/boehme/deut2273.krn,essen-folksong-collection-2d0ca75e87dc7a725556c8090e3681c1fa3a0452/europa/deutschl/zuccal/deut4943.krn,0.398,48,0
essen-folksong-collection-2d0ca75e87dc7a725556c8090e3681c1fa3a0452/europa/deutschl/erk/deut0946.krn,essen-folksong-collection-2d0ca75e87dc7a725556c8090e3681c1fa3a0452/europa/deutschl/erk/deut0947.krn,0.397,36,1
essen-folksong-collection-2d0ca75e87dc7a725556c8090e3681c1fa3a0452/europa/deutschl/ballad/deut3134.krn,essen-folksong-collection-2d0ca75e87dc7a725556c8090e3681c1fa3a0452/europa/schweiz/suisse05.krn,0.394,20,0
essen-folksong-collection-2d0ca75e87dc7a725556c8090e3681c1fa3a0452/europa/deutschl/erk/deut1188.krn,essen-folksong-collection-2d0ca75e87dc7a725556c8090e3681c1fa3a0452/europa/deutschl/zuccal/deut5034.krn,0.392,32,0
essen-folksong-collection-2d0ca75e87dc7a725556c8090e3681c1fa3a0452/europa/deutschl/fink/deut327.krn,essen-folksong-collection-2d0ca75e87dc7a725556c8090e3681c1fa3a0452/europa/oesterrh/oestr009.krn,0.391,22,-1
essen-folksong-collection-2d0ca75e87dc7a725556c8090e3681c1fa3a0452/asia/china/han/han1095.krn,essen-folksong-collection-2d0ca75e87dc7a725556c8090e3681c1fa3a0452/asia/china/shanxi/shanx731.krn,0.389,21,2
essen-folksong-collection-2d0ca75e87dc7a725556c8090e3681c1fa3a0452/europa/deutschl/altdeu1/deut4008.krn,essen-folksong-collection-2d0ca75e87dc7a725556c8090e3681c1fa3a0452/europa/deutschl/erk/deut1514.krn,0.387,15,0
essen-folksong-collection-2d0ca75e87dc7a725556c8090e3681c1fa3a0452/europa/deutschl/ballad/deut3083.krn,essen-folksong-collection-2d0ca75e87dc7a725556c8090e3681c1fa3a0452/europa/deutschl/erk/deut0621.krn,0.383,25,0
essen-folksong-collection-2d0ca75e87dc7a725556c8090e3681c1fa3a0452/europa/deutschl/erk/deut2037.krn,essen-folksong-collection-2d0ca75e87dc7a725556c8090e3681c1fa3a0452/europa/deutschl/zuccal/deut5089.krn,0.38,19,0
essen-folksong-collection-2d0ca75e87dc7a725556c8090e3681c1fa3a0452/europa/deutschl/dva/deut4502.krn,essen-folksong-collection-2d0ca75e87dc7a725556c8090e3681c1fa3a0452/europa/deutschl/dva/deut4503.krn,0.378,21,2
essen-folksong-collection-2d0ca75e87dc7a725556c8090e3681c1fa3a0452/europa/deutschl/boehme/deut2543.krn,essen-folksong-collection-2d0ca75e87dc7a725556c8090e3681c1fa3a0452/europa/deutschl/fink/deut525.krn,0.378,44,1
essen-folksong-collection-2d0ca75e87dc7a725556c8090e3681c1fa3a0452/europa/deutschl/altdeu1/deut3961.krn,essen-folksong-collection-2d0ca75e87dc7a725556c8090e3681c1fa3a0452/europa/deutschl/erk/deut1440.krn,0.377,36,0
essen-folksong-collection-2d0ca75e87dc7a725556c8090e3681c1fa3a0452/europa/deutschl/fink/deut092.krn,essen-folksong-collection-2d0ca75e87dc7a725556c8090e3681c1fa3a0452/europa/deutschl/test/deut5157.krn,0.371,28,-12
essen-folksong-collection-2d0ca75e87dc7a725556c8090e3681c1fa3a0452/europa/deutschl/fink/deut092.krn,essen-folksong-collection-2d0ca75e87dc7a725556c8090e3681c1fa3a0452/europa/deutschl/test/deut5154.krn,0.371,28,-12
essen-folksong-collection-2d0ca75e87dc7a725556c8090e3681c1fa3a0452/europa/deutschl/fink/deut092.krn,essen-folksong-collection-2d0ca75e87dc7a725556c8090e3681c1fa3a0452/europa/deutschl/test/deut5149.krn,0.371,28,-12
essen-folksong-collection-2d0ca75e87dc7a725556c8090e3681c1fa3a0452/europa/deutschl/boehme/deut2571.krn,essen-folksong-collection-2d0ca75e87dc7a725556c8090e3681c1fa3a0452/europa/deutschl/erk/deut1134.krn,0.368,25,-3
essen-folksong-collection-2d0ca75e87dc7a725556c8090e3681c1fa3a0452/europa/deutschl/erk/deut2096.krn,essen-folksong-collection-2d0ca75e87dc7a725556c8090e3681c1fa3a0452/europa/deutschl/erk/deut2097.krn,0.367,17,-7
essen-folksong-collection-2d0ca75e87dc7a725556c8090e3681c1fa3a0452/europa/deutschl/boehme/deut2939.krn,essen-folksong-collection-2d0ca75e87dc7a725556c8090e3681c1fa3a0452/europa/deutschl/boehme/deut2940.krn,0.365,24,0
essen-folksong-collection-2d0ca75e87dc7a725556c8090e3681c1fa3a0452/europa/deutschl/boehme/deut2756.krn,essen-folksong-collection-2d0ca75e87dc7a725556c8090e3681c1fa3a0452/europa/deutschl/erk/deut1727.krn,0.364,33,0
essen-folksong-collection-2d0ca75e87dc7a725556c8090e3681c1fa3a0452/europa/deutschl/boehme/deut2402.krn,essen-folksong-collection-2d0ca75e87dc7a725556c8090e3681c1fa3a0452/europa/deutschl/boehme/deut2403.krn,0.362,22,0
essen-folksong-collection-2d0ca75e87dc7a725556c8090e3681c1fa3a0452/europa/deutschl/altdeu2/deut4341.krn,essen-folksong-collection-2d0ca75e87dc7a725556c8090e3681c1fa3a0452/europa/deutschl/erk/deut2212.krn,0.36,12,0
essen-folksong-collection-2d0ca75e87dc7a725556c8090e3681c1fa3a0452/europa/deutschl/erk/deut1158.krn,essen-folksong-collection-2d0ca75e87dc7a725556c8090e3681c1fa3a0452/europa/deutschl/erk/deut1159.krn,0.359,21,1
essen-folksong-collection-2d0ca75e87dc7a725556c8090e3681c1fa3a0452/europa/deutschl/erk/deut2209.krn,essen-folksong-collection-2d0ca75e87dc7a725556c8090e3681c1fa3a0452/europa/deutschl/zuccal/deut4825.krn,0.356,21,0
essen-folksong-collection-2d0ca75e87dc7a725556c8090e3681c1fa3a0452/europa/deutschl/altdeu1/deut3773.krn,essen-folksong-collection-2d0ca75e87dc7a725556c8090e3681c1fa3a0452/europa/deutschl/ballad/deut2976.krn,0.355,27,0
essen-folksong-collection-2d0ca75e87dc7a725556c8090e3681c1fa3a0452/europa/deutschl/erk/deut0855.krn,essen-folksong-collection-2d0ca75e87dc7a725556c8090e3681c1fa3a0452/europa/romania/romani23.krn,0.355,18,1
essen-folksong-collection-2d0ca75e87dc7a725556c8090e3681c1fa3a0452/europa/deutschl/dva/deut4455.krn,essen-folksong-collection-2d0ca75e87dc7a725556c8090e3681c1fa3a0452/europa/deutschl/erk/deut0855.krn,0.355,18,-1
essen-folksong-collection-2d0ca75e87dc7a725556c8090e3681c1fa3a0452/europa/deutschl/erk/deut2037.krn,essen-folksong-collection-2d0ca75e87dc7a725556c8090e3681c1fa3a0452/europa/deutschl/zuccal/deut4657.krn,0.354,19,0
essen-folksong-collection-2d0ca75e87dc7a725556c8090e3681c1fa3a0452/europa/deutschl/altdeu2/deut4199.krn,essen-folksong-collection-2d0ca75e87dc7a725556c8090e3681c1fa3a0452/europa/deutschl/erk/deut0829.krn,0.349,33,0
essen-folksong-collection-2d0ca75e87dc7a725556c8090e3681c1fa3a0452/europa/deutschl/allerkbd/deut3710.krn,essen-folksong-collection-2d0ca75e87dc7a725556c8090e3681c1fa3a0452/europa/deutschl/altdeu2/deut4199.krn,0.349,33,0
essen-folksong-collection-2d0ca75e87dc7a725556c8090e3681c1fa3a0452/europa/deutschl/altdeu1/deut3970.krn,essen-folksong-collection-2d0ca75e87dc7a725556c8090e3681c1fa3a0452/europa/deutschl/erk/deut1489.krn,0.349,17,-2
essen-folksong-collection-2d0ca75e87dc7a725556c8090e3681c1fa3a0452/europa/deutschl/altdeu1/deut4029.krn,essen-folksong-collection-2d0ca75e87dc7a725556c8090e3681c1fa3a0452/europa/deutschl/erk/deut1519.krn,0.346,16,-1
essen-folksong-collection-2d0ca75e87dc7a725556c8090e3681c1fa3a0452/europa/deutschl/ballad/deut3613.krn,essen-folksong-collection-2d0ca75e87dc7a725556c8090e3681c1fa3a0452/europa/deutschl/zuccal/deut4820.krn,0.345,20,0
essen-folksong-collection-2d0ca75e87dc7a725556c8090e3681c1fa3a0452/europa/deutschl/zuccal/deut4564.krn,essen-folksong-collection-2d0ca75e87dc7a725556c8090e3681c1fa3a0452/europa/deutschl/zuccal/deut4820.krn,0.345,20,0
essen-folksong-collection-2d0ca75e87dc7a725556c8090e3681c1fa3a0452/europa/deutschl/altdeu1/deut3806.krn,essen-folksong-collection-2d0ca75e87dc7a725556c8090e3681c1fa3a0452/europa/deutschl/zuccal/deut4820.krn,0.345,20,2
essen-folksong-collection-2d0ca75e87dc7a725556c8090e3681c1fa3a0452/europa/deutschl/altdeu2/deut4286.krn,essen-folksong-collection-2d0ca75e87dc7a725556c8090e3681c1fa3a0452/europa/deutschl/ballad/deut3065.krn,0.345,19,-2
essen-folksong-collection-2d0ca75e87dc7a725556c8090e3681c1fa3a0452/europa/deutschl/boehme/deut2806.krn,essen-folksong-collection-2d0ca75e87dc7a725556c8090e3681c1fa3a0452/europa/deutschl/kinder/kindr001.krn,0.344,18,1
essen-folksong-collection-2d0ca75e87dc7a725556c8090e3681c1fa3a0452/europa/deutschl/ballad/deut3041.krn,essen-folksong-collection-2d0ca75e87dc7a725556c8090e3681c1fa3a0452/europa/deutschl/erk/deut0671.krn,0.342,20,-5
essen-folksong-collection-2d0ca75e87dc7a725556c8090e3681c1fa3a0452/europa/deutschl/erk/deut1645.krn,essen-folksong-collection-2d0ca75e87dc7a725556c8090e3681c1fa3a0452/europa/deutschl/erk/deut1646.krn,0.34,29,0
essen-folksong-collection-2d0ca75e87dc7a725556c8090e3681c1fa3a0452/europa/deutschl/altdeu2/deut4362.krn,essen-folksong-collection-2d0ca75e87dc7a725556c8090e3681c1fa3a0452/europa/deutschl/erk/deut1022.krn,0.338,27,-2
essen-folksong-collection-2d0ca75e87dc7a725556c8090e3681c1fa3a0452/europa/deutschl/boehme/deut2311.krn,essen-folksong-collection-2d0ca75e87dc7a725556c8090e3681c1fa3a0452/europa/deutschl/fink/deut222.krn,0.337,21,-17
essen-folksong-collection-2d0ca75e87dc7a725556c8090e3681c1fa3a0452/europa/deutschl/allerkbd/deut3711.krn,essen-folksong-collection-2d0ca75e87dc7a725556c8090e3681c1fa3a0452/europa/deutschl/altdeu1/deut3812.krn,0.333,30,0
essen-folksong-collection-2d0ca75e87dc7a725556c8090e3681c1fa3a0452/europa/deutschl/altdeu1/deut3791.krn,essen-folksong-collection-2d0ca75e87dc7a725556c8090e3681c1fa3a0452/europa/deutschl/erk/deut2259.krn,0.333,13,2
essen-folksong-collection-2d0ca75e87dc7a725556c8090e3681c1fa3a0452/europa/deutschl/altdeu1/deut3812.krn,essen-folksong-collection-2d0ca75e87dc7a725556c8090e3681c1fa3a0452/europa/deutschl/erk/deut0830.krn,0.333,30,0
essen-folksong-collection-2d0ca75e87dc7a725556c8090e3681c1fa3a0452/europa/deutschl/erk/deut0717.krn,essen-folksong-collection-2d0ca75e87dc7a725556c8090e3681c1fa3a0452/europa/deutschl/zuccal/deut4820.krn,0.333,19,2
essen-folksong-collection-2d0ca75e87dc7a725556c8090e3681c1fa3a0452/europa/deutschl/ballad/deut3421.krn,essen-folksong-collection-2d0ca75e87dc7a725556c8090e3681c1fa3a0452/europa/deutschl/erk/deut0657.krn,0.333,12,5
essen-folksong-collection-2d0ca75e87dc7a725556c8090e3681c1fa3a0452/europa/deutschl/ballad/deut3530.krn,essen-folksong-collection-2d0ca75e87dc7a725556c8090e3681c1fa3a0452/europa/deutschl/ballad/deut3534.krn,0.333,17,0
essen-folksong-collection-2d0ca75e87dc7a725556c8090e3681c1fa3a0452/europa/deutschl/ballad/deut3016.krn,essen-folksong-collection-2d0ca75e87dc7a725556c8090e3681c1fa3a0452/europa/deutschl/erk/deut2259.krn,0.333,13,2
essen-folksong-collection-2d0ca75e87dc7a725556c8090e3681c1fa3a0452/europa/deutschl/altdeu2/deut4111.krn,essen-folksong-collection-2d0ca75e87dc7a725556c8090e3681c1fa3a0452/europa/deutschl/altdeu2/deut4381.krn,0.333,36,0
essen-folksong-collection-2d0ca75e87dc7a725556c8090e3681c1fa3a0452/europa/deutschl/variant/deut5132.krn,essen-folksong-collection-2d0ca75e87dc7a725556c8090e3681c1fa3a0452/europa/deutschl/variant/deut5133.krn,0.333,16,1
essen-folksong-collection-2d0ca75e87dc7a725556c8090e3681c1fa3a0452/europa/deutschl/zuccal/deut4820.krn,essen-folksong-collection-2d0ca75e87dc7a725556c8090e3681c1fa3a0452/europa/elsass/elsass05.krn,0.333,19,-2
essen-folksong-collection-2d0ca75e87dc7a725556c8090e3681c1fa3a0452/europa/deutschl/boehme/deut2309.krn,essen-folksong-collection-2d0ca75e87dc7a725556c8090e3681c1fa3a0452/europa/deutschl/fink/deut231.krn,0.329,23,-1
essen-folksong-collection-2d0ca75e87dc7a725556c8090e3681c1fa3a0452/europa/deutschl/erk/deut1228.krn,essen-folksong-collection-2d0ca75e87dc7a725556c8090e3681c1fa3a0452/europa/deutschl/zuccal/deut4769.krn,0.321,21,-2
essen-folksong-collection-2d0ca75e87dc7a725556c8090e3681c1fa3a0452/europa/deutschl/erk/deut1699.krn,essen-folksong-collection-2d0ca75e87dc7a725556c8090e3681c1fa3a0452/europa/deutschl/kinder/kindr061.krn,0.318,18,-2
essen-folksong-collection-2d0ca75e87dc7a725556c8090e3681c1fa3a0452/europa/deutschl/boehme/deut2322.krn,essen-folksong-collection-2d0ca75e87dc7a725556c8090e3681c1fa3a0452/europa/deutschl/fink/deut240.krn,0.314,33,12
essen-folksong-collection-2d0ca75e87dc7a725556c8090e3681c1fa3a0452/europa/deutschl/zuccal/deut4816.krn,essen-folksong-collection-2d0ca75e87dc7a725556c8090e3681c1fa3a0452/europa/schweiz/suisse18.krn,0.312,13,0
essen-folksong-collection-2d0ca75e87dc7a725556c8090e3681c1fa3a0452/europa/deutschl/erk/deut1300.krn,essen-folksong-collection-2d0ca75e87dc7a725556c8090e3681c1fa3a0452/europa/deutschl/zuccal/deut4580.krn,0.31,15,-12
essen-folksong-collection-2d0ca75e87dc7a725556c8090e3681c1fa3a0452/europa/deutschl/boehme/deut2486.krn,essen-folksong-collection-2d0ca75e87dc7a725556c8090e3681c1fa3a0452/europa/deutschl/fink/deut250.krn,0.309,20,-12
essen-folksong-collection-2d0ca75e87dc7a725556c8090e3681c1fa3a0452/europa/misc/brabant1.krn,essen-folksong-collection-2d0ca75e87dc7a725556c8090e3681c1fa3a0452/europa/nederlan/neder041.krn,0.304,14,-2
essen-folksong-collection-2d0ca75e87dc7a725556c8090e3681c1fa3a0452/europa/deutschl/boehme/deut2366.krn,essen-folksong-collection-2d0ca75e87dc7a725556c8090e3681c1fa3a0452/europa/deutschl/zuccal/deut4845.krn,0.302,20,0
essen-folksong-collection-2d0ca75e87dc7a725556c8090e3681c1fa3a0452/europa/deutschl/boehme/deut2823.krn,essen-folksong-collection-2d0ca75e87dc7a725556c8090e3681c1fa3a0452/europa/deutschl/zuccal/deut4630.krn,0.302,22,2
essen-folksong-collection-2d0ca75e87dc7a725556c8090e3681c1fa3a0452/europa/deutschl/boehme/deut2876.krn,essen-folksong-collection-2d0ca75e87dc7a725556c8090e3681c1fa3a0452/europa/deutschl/boehme/deut2899.krn,0.299,26,-10
essen-folksong-collection-2d0ca75e87dc7a725556c8090e3681c1fa3a0452/europa/deutschl/erk/deut1545.krn,essen-folksong-collection-2d0ca75e87dc7a725556c8090e3681c1fa3a0452/europa/deutschl/fink/deut074.krn,0.298,25,-2
essen-folksong-collection-2d0ca75e87dc7a725556c8090e3681c1fa3a0452/europa/deutschl/erk/deut1384.krn,essen-folksong-collection-2d0ca75e87dc7a725556c8090e3681c1fa3a0452/europa/deutschl/zuccal/deut4966.krn,0.297,15,0
essen-folksong-collection-2d0ca75e87dc7a725556c8090e3681c1fa3a0452/europa/deutschl/erk/deut1307.krn,essen-folksong-collection-2d0ca75e87dc7a725556c8090e3681c1fa3a0452/europa/deutschl/erk/deut1308.krn,0.297,18,-5
essen-folksong-collection-2d0ca75e87dc7a725556c8090e3681c1fa3a0452/europa/deutschl/ballad/deut3281.krn,essen-folksong-collection-2d0ca75e87dc7a725556c8090e3681c1fa3a0452/europa/deutschl/erk/deut0870.krn,0.296,15,-1
essen-folksong-collection-2d0ca75e87dc7a725556c8090e3681c1fa3a0452/europa/deutschl/boehme/deut2755.krn,essen-folksong-collection-2d0ca75e87dc7a725556c8090e3681c1fa3a0452/europa/deutschl/erk/deut1727.krn,0.296,33,0
essen-folksong-collection-2d0ca75e87dc7a725556c8090e3681c1fa3a0452/europa/deutschl/erk/deut1697.krn,essen-folksong-collection-2d0ca75e87dc7a725556c8090e3681c1fa3a0452/europa/deutschl/zuccal/deut4645.krn,0.292,20,-3
essen-folksong-collection-2d0ca75e87dc7a725556c8090e3681c1fa3a0452/europa/deutschl/boehme/deut2973.krn,essen-folksong-collection-2d0ca75e87dc7a725556c8090e3681c1fa3a0452/europa/deutschl/fink/deut544.krn,0.292,21,0
essen-folksong-collection-2d0ca75e87dc7a725556c8090e3681c1fa3a0452/asia/china/shanxi/shanx148.krn,essen-folksong-collection-2d0ca75e87dc7a725556c8090e3681c1fa3a0452/asia/china/shanxi/shanx232.krn,0.287,34,1
essen-folksong-collection-2d0ca75e87dc7a725556c8090e3681c1fa3a0452/europa/deutschl/erk/deut1779.krn,essen-folksong-collection-2d0ca75e87dc7a725556c8090e3681c1fa3a0452/europa/deutschl/erk/deut1780.krn,0.286,30,0
essen-folksong-collection-2d0ca75e87dc7a725556c8090e3681c1fa3a0452/europa/deutschl/altdeu2/deut4280.krn,essen-folksong-collection-2d0ca75e87dc7a725556c8090e3681c1fa3a0452/europa/deutschl/altdeu2/deut4281.krn,0.283,22,0
essen-folksong-collection-2d0ca75e87dc7a725556c8090e3681c1fa3a0452/europa/deutschl/fink/deut306.krn,essen-folksong-collection-2d0ca75e87dc7a725556c8090e3681c1fa3a0452/europa/deutschl/fink/deut307.krn,0.279,19,0
essen-folksong-collection-2d0ca75e87dc7a725556c8090e3681c1fa3a0452/europa/deutschl/ballad/deut3614.krn,essen-folksong-collection-2d0ca75e87dc7a725556c8090e3681c1fa3a0452/europa/deutschl/zuccal/deut4565.krn,0.278,17,0
essen-folksong-collection-2d0ca75e87dc7a725556c8090e3681c1fa3a0452/europa/deutschl/ballad/deut3661.krn,essen-folksong-collection-2d0ca75e87dc7a725556c8090e3681c1fa3a0452/europa/deutschl/zuccal/deut4565.krn,0.278,17,0
essen-folksong-collection-2d0ca75e87dc7a725556c8090e3681c1fa3a0452/europa/deutschl/boehme/deut2404.krn,essen-folksong-collection-2d0ca75e87dc7a725556c8090e3681c1fa3a0452/europa/deutschl/fink/deut002.krn,0.276,22,0
essen-folksong-collection-2d0ca75e87dc7a725556c8090e3681c1fa3a0452/europa/deutschl/erk/deut2002.krn,essen-folksong-collection-2d0ca75e87dc7a725556c8090e3681c1fa3a0452/europa/deutschl/kinder/kindr154.krn,0.273,13,0
essen-folksong-collection-2d0ca75e87dc7a725556c8090e3681c1fa3a0452/europa/deutschl/fink/deut561.krn,essen-folksong-collection-2d0ca75e87dc7a725556c8090e3681c1fa3a0452/europa/oesterrh/oestr078.krn,0.269,12,2
essen-folksong-collection-2d0ca75e87dc7a725556c8090e3681c1fa3a0452/europa/deutschl/fink/deut561.krn,essen-folksong-collection-2d0ca75e87dc7a725556c8090e3681c1fa3a0452/europa/nederlan/neder010.krn,0.269,12,2
essen-folksong-collection-2d0ca75e87dc7a725556c8090e3681c1fa3a0452/europa/deutschl/erk/deut1379.krn,essen-folksong-collection-2d0ca75e87dc7a725556c8090e3681c1fa3a0452/europa/deutschl/erk/deut1381.krn,0.261,15,-2
essen-folksong-collection-2d0ca75e87dc7a725556c8090e3681c1fa3a0452/europa/deutschl/fink/deut248.krn,essen-folksong-collection-2d0ca75e87dc7a725556c8090e3681c1fa3a0452/europa/oesterrh/oestr009.krn,0.26,22,0
essen-folksong-collection-2d0ca75e87dc7a725556c8090e3681c1fa3a0452/asia/china/shanxi/shanx402.krn,essen-folksong-collection-2d0ca75e87dc7a725556c8090e3681c1fa3a0452/asia/china/shanxi/shanx731.krn,0.25,21,2
essen-folksong-collection-2d0ca75e87dc7a725556c8090e3681c1fa3a0452/europa/deutschl/erk/deut1174.krn,essen-folksong-collection-2d0ca75e87dc7a725556c8090e3681c1fa3a0452/europa/deutschl/erk/deut1794.krn,0.25,21,0
essen-folksong-collection-2d0ca75e87dc7a725556c8090e3681c1fa3a0452/europa/deutschl/ballad/deut3194.krn,essen-folksong-collection-2d0ca75e87dc7a725556c8090e3681c1fa3a0452/europa/deutschl/erk/deut0773.krn,0.241,21,0
essen-folksong-collection-2d0ca75e87dc7a725556c8090e3681c1fa3a0452/europa/deutschl/erk/deut1198.krn,essen-folksong-collection-2d0ca75e87dc7a725556c8090e3681c1fa3a0452/europa/deutschl/zuccal/deut5014.krn,0.233,17,-2
essen-folksong-collection-2d0ca75e87dc7a725556c8090e3681c1fa3a0452/europa/deutschl/allerkbd/deut3668.krn,essen-folksong-collection-2d0ca75e87dc7a725556c8090e3681c1fa3a0452/europa/deutschl/zuccal/deut5083.krn,0.228,13,1
essen-folksong-collection-2d0ca75e87dc7a725556c8090e3681c1fa3a0452/europa/deutschl/erk/deut0782.krn,essen-folksong-collection-2d0ca75e87dc7a725556c8090e3681c1fa3a0452/europa/deutschl/zuccal/deut5083.krn,0.228,13,1
essen-folksong-collection-2d0ca75e87dc7a725556c8090e3681c1fa3a0452/europa/deutschl/erk/deut1503.krn,essen-folksong-collection-2d0ca75e87dc7a725556c8090e3681c1fa3a0452/europa/deutschl/zuccal/deut5027.krn,0.227,14,0
essen-folksong-collection-2d0ca75e87dc7a725556c8090e3681c1fa3a0452/europa/deutschl/dva/deut4469.krn,essen-folksong-collection-2d0ca75e87dc7a725556c8090e3681c1fa3a0452/europa/deutschl/erk/deut1892.krn,0.227,21,14
essen-folksong-collection-2d0ca75e87dc7a725556c8090e3681c1fa3a0452/europa/deutschl/erk/deut1272.krn,essen-folksong-collection-2d0ca75e87dc7a725556c8090e3681c1fa3a0452/europa/deutschl/zuccal/deut4728.krn,0.226,14,0
essen-folksong-collection-2d0ca75e87dc7a725556c8090e3681c1fa3a0452/europa/deutschl/boehme/deut2289.krn,essen-folksong-collection-2d0ca75e87dc7a725556c8090e3681c1fa3a0452/europa/deutschl/fink/deut237.krn,0.171,39,1
